cf_type,addr,target
4,7f137640a2a4,7f13839ca0e0
2,7f137640a57d,7f137640a548
3,7f137640a565,7f137640a2a0
2,7f137640a56c,0
3,7f137640a553,7f137640a2a0
2,7f1383a41a1e,0
2,7f1383a41a2d,0
7,7f1383a41a2f,7f13839c4e62
7,7f13839ca29e,7f137640a558
8,7f1383a41a25,7f1383a41a27
1,7f13839ca3d0,7f13839ca142
3,7f13839ca2d0,7f13839c7d10
2,7f13839ca2db,0
2,7f13839ca2e3,0
2,7f13839ca2e7,7f13839ca290
2,7f13839ca24d,0
2,7f13839ca256,7f13839ca3cd
2,7f13839ca14c,7f13839ca2c0
2,7f13839ca119,0
2,7f13839ca122,0
2,7f13839ca12c,0
2,7f13839ca136,7f13839ca240
2,7f13839ca0fc,0
2,7f13839c5785,0
2,7f13839c57d1,7f13839c57e8
2,7f13839c57d7,0
7,7f13839c479f,7f13839c4969
2,7f13839c57e2,0
2,7f13839c57ac,0
2,7f13839c57f6,0
2,7f13839c57b5,0
2,7f13839c5745,0
2,7f13839c570c,0
2,7f13839c5752,7f13839c5810
2,7f13839c571d,0
2,7f13839c5765,0
2,7f13839c5777,0
2,7f13839c5735,0
7,7f13839c4e89,7f13839c6336
2,7f13839c56d5,0
2,7f13839c56e2,0
2,7f13839c56ec,0
2,7f13839c56f5,0
3,7f13839c55c1,7f1383a3d860
2,7f13839c55ca,7f13839c55d8
2,7f13839c55bb,0
2,7f13839c5902,0
2,7f13839c5928,0
2,7f13839c5934,7f13839c57e8
2,7f13839c588a,0
2,7f13839c58ca,0
2,7f13839c5894,7f13839c58b9
2,7f13839c58f1,0
2,7f13839c58be,0
2,7f13839c5845,0
2,7f13839c5851,0
2,7f13839c5814,0
2,7f13839c585d,0
2,7f13839c5824,7f13839c5830
2,7f13839c586e,0
7,7f13839c4839,7f13839c74d8
2,7f13839c587c,0
2,7f13839c4747,0
2,7f13839c474d,0
2,7f13839c475f,7f13839c479b
2,7f13839c4723,0
2,7f13839c4e9e,7f13839c4e74
2,7f13839c4e42,0
2,7f13839c4e1e,7f13839c4e31
3,7f13839c4e5d,7f1383a41a10
2,7f13839c4e69,0
2,7f13839c4e72,7f13839c4e90
2,7f13839c4e34,7f13839c4e3c
7,7f13839c55de,7f13839c65f9
1,7f13839c4948,7f13839c488d
3,7f13839c4964,7f13839c4710
2,7f13839c4933,7f13839c4840
1,7f13839c4973,7f13839c4854
2,7f13839c4890,7f13839c4820
2,7f13839c4898,0
2,7f13839c48e3,7f13839c492f
2,7f13839c48b2,0
2,7f13839c4846,7f13839c4950
7,7f13839c580a,7f13839c7dee
2,7f13839c481e,7f13839c4895
2,7f13839c4829,7f13839c4815
2,7f13839c4871,7f13839c487b
2,7f13839c7384,7f13839c6f6c
2,7f13839c7282,7f13839c7450
7,7f13839c62b8,7f13839c78dd
2,7f13839c7e06,0
2,7f13839c7e15,0
2,7f13839c7219,0
3,7f13839c7e63,7f13839c56a0
2,7f13839c7e22,0
2,7f13839c7222,7f13839c6ee3
2,7f13839c722f,7f13839c7253
2,7f13839c7d89,0
2,7f13839c7da1,0
3,7f13839c7de9,7f13839c56a0
2,7f13839c7df1,0
3,7f13839c7d4a,7f13839c69b0
2,7f13839c7d55,0
2,7f13839c7d21,0
2,7f13839c7d67,0
1,7f13839c7565,7f13839c6a06
2,7f13839c7485,0
2,7f13839c74ca,7f13839c78cd
2,7f13839c748f,0
3,7f13839c74d3,7f13839c47f0
3,7f13839c78d8,7f13839c60d0
2,7f13839c78e3,0
2,7f13839c74a8,0
2,7f13839c74f2,7f13839c6e93
2,7f13839c78f1,7f13839c7076
2,7f13839c78b6,7f13839c7076
2,7f13839c74b5,7f13839c7873
2,7f13839c7456,0
2,7f13839c7463,0
2,7f13839c746f,0
2,7f13839c747c,0
2,7f13839c6f83,0
2,7f13839c6381,7f13839c63c0
2,7f13839c63c7,0
2,7f13839c63d0,0
2,7f13839c6fda,7f13839c7210
2,7f13839c63dc,0
2,7f13839c6b02,0
2,7f13839c6f41,0
2,7f13839c6341,0
2,7f13839c6300,7f13839c65f0
2,7f13839c6f4b,0
2,7f13839c6f0c,0
2,7f13839c6310,0
2,7f13839c6b16,0
2,7f13839c6f54,0
2,7f13839c6f1a,0
2,7f13839c6359,0
2,7f13839c6f23,0
2,7f13839c6b22,7f13839c7558
2,7f13839c6f61,0
2,7f13839c6367,0
2,7f13839c6f66,7f13839c7380
2,7f13839c6f33,0
3,7f13839c6331,7f13839c4e00
2,7f13839c6f77,0
2,7f13839c6e9a,7f13839c7228
2,7f13839c62e4,0
2,7f13839c62a4,0
2,7f13839c6efc,0
2,7f13839c6603,7f13839c6840
2,7f13839c6204,0
1,7f13839c6253,7f13839c6296
2,7f13839c6a14,7f13839c6de8
2,7f13839c6218,0
2,7f13839c6e62,0
2,7f13839c6629,7f13839c6306
7,7f13839c7e79,7f13839ca2d5
2,7f13839c69d8,7f13839c6af8
2,7f13839c69b3,0
3,7f13839c65f4,7f13839c55b0
2,7f13839c6142,0
2,7f13839c6100,0
2,7f13839c614f,0
2,7f13839c610d,0
2,7f13839c615c,0
2,7f13839c612b,7f13839c6136
2,7f13839c616c,7f13839c62c0
2,7f13839c613a,0
7,7f13839c708a,7f13839c7d4f
2,7f13839c6401,0
1,7f13839c6845,7f13839c6625
3,7f13839c6445,7f13839c56a0
1,7f13839c645e,7f13839c61fd
2,7f13839c6430,0
2,7f1383a3d8c1,7f1383a3d8ef
2,7f1383a3d8a3,7f1383a3d8b4
3,7f1383a3d8ef,7f1383a3d820
2,7f1383a3d8b7,0
2,7f1383a3d8f6,0
2,7f1383a3d8b9,0
2,7f1383a3d838,7f1383a3d840
2,7f1383a3d87d,7f1383a3d8a0
7,7f1383a3d906,7f13839c55c6
7,7f1383a3d853,7f1383a3d8f4
8,7f1383a3d829,7f1383a3d82b
