load1_pc,load2_pc,offset_delta,load2_mem_size
0x423321,0x42339f,16,8
0x423456,0x42346e,16,8
0x42346f,0x423470,8,8
0x423472,0x423474,8,8
0x423476,0x423478,8,8
0x4233b9,0x4233eb,-4,4
0x4231fe,0x42321b,8,8
0x425b0a,0x425cea,4,4
0x425d03,0x425d17,4,4
0x423384,0x423391,16,8
0x425743,0x425d25,-24,8
0x425924,0x425926,8,8
0x425928,0x42592a,8,8
0x425921,0x425922,8,8
0x428b26,0x428b27,8,8
0x428b28,0x428b2a,8,8
0x428b2c,0x428b2e,8,8
0x4266d0,0x4266d1,8,8
0x4266d3,0x4266d5,8,8
0x4266d7,0x4266d9,8,8
0x42666f,0x4266b2,0,8
0x423325,0x423410,-16,4
0x423410,0x42345b,16,8
0x4233cb,0x425d29,0,8
0x42328f,0x4231b4,16,8
0x4253cf,0x4260fa,-4,4
0x423089,0x42308e,0,8
0x4230ff,0x4231c5,16,8
0x42328f,0x4230a3,24,8
0x4232c9,0x4232ce,8,8
0x425795,0x4257eb,16,8
0x4257c4,0x4257db,-8,8
0x42587a,0x425869,0,8
0x4233a9,0x4233a9,2,2
0x428b6d,0x423447,-48,8
0x423074,0x42307f,40,8
0x423232,0x4231a0,48,1
0x42336b,0x42336b,0,8
0x42345b,0x423325,0,8
0x423398,0x423398,0,8
0x4233dd,0x425d31,0,8
0x425d31,0x4233dd,0,8
0x423391,0x423384,-16,8
0x42336b,0x425707,0,8
0x423391,0x425713,-16,8
0x42345b,0x4289d2,-16,4
0x425707,0x42336b,0,8
0x428974,0x423398,-16,8
0x4289d2,0x423325,16,8
0x423398,0x428974,16,1
0x4233dd,0x4233dd,0,8
0x4257b4,0x4257b4,0,8
0x425713,0x423384,0,8
0x4231c5,0x4231c5,0,8
0x45f57a,0x45f581,8,1
0x423184,0x423184,0,8
