Core, 0, 0
Cumulative_Cycles, 0, 12708011            
Cumulative_Instructions, 0, 30000000            
Periodic_Cycles, 0, 4203196             
Periodic_Instructions, 0, 9999997             
EXECUTION_TIME_count, 0, 1313498750000
EXECUTION_TIME_total_count, 0, 3971253437500

SIM_HOST_WALL_SECONDS_value, 0,    299.365412
SIM_HOST_WALL_SECONDS_total_value, 0,    299.365412

NODE_CYCLE_count, 0,       4203196
NODE_CYCLE_total_count, 0,      12708011

NODE_INST_COUNT_count, 0,       9999997
NODE_INST_COUNT_total_count, 0,      30000050

NODE_INST_COUNT_FETCHED_count, 0,       9999997
NODE_INST_COUNT_FETCHED_total_count, 0,      30000000

NODE_UOP_COUNT_count, 0,      12016220
NODE_UOP_COUNT_total_count, 0,      35546399

EXEC_STAGE_NO_ISSUE_STALL_CYCLE_count, 0,       3268704
EXEC_STAGE_NO_ISSUE_STALL_CYCLE_total_count, 0,       9911045

EXEC_STAGE_NO_ISSUE_STALL_CYCLE_ONPATH_count, 0,       3211646
EXEC_STAGE_NO_ISSUE_STALL_CYCLE_ONPATH_total_count, 0,       9718290

FULL_WINDOW_STALL_count, 0,       1989261
FULL_WINDOW_STALL_pct, 0,       47.327
FULL_WINDOW_STALL_total_count, 0,       6017803
FULL_WINDOW_STALL_total_pct, 0,       47.354

FULL_WINDOW_MEM_OP_count, 401,       1542554
FULL_WINDOW_MEM_OP_total_count, 401,       4589814

FULL_WINDOW_FP_OP_count, 401,             0
FULL_WINDOW_FP_OP_total_count, 401,             0

FULL_WINDOW_OTHER_OP_count, 401,             0
FULL_WINDOW_OTHER_OP_total_count, 401,             0

RET_BLOCKED_DC_MISS_count, 0,        781240
RET_BLOCKED_DC_MISS_pct, 0,       18.587
RET_BLOCKED_DC_MISS_total_count, 0,       1927324
RET_BLOCKED_DC_MISS_total_pct, 0,       15.166

RET_BLOCKED_L1_MISS_count, 0,         50499
RET_BLOCKED_L1_MISS_pct, 0,        1.201
RET_BLOCKED_L1_MISS_total_count, 0,        175643
RET_BLOCKED_L1_MISS_total_pct, 0,        1.382

RET_BLOCKED_L1_MISS_BW_PREF_count, 0,         16433
RET_BLOCKED_L1_MISS_BW_PREF_pct, 0,        0.391
RET_BLOCKED_L1_MISS_BW_PREF_total_count, 0,         21104
RET_BLOCKED_L1_MISS_BW_PREF_total_pct, 0,        0.166

RET_BLOCKED_L1_ACCESS_count, 0,        730772
RET_BLOCKED_L1_ACCESS_pct, 0,       17.386
RET_BLOCKED_L1_ACCESS_total_count, 0,       1755636
RET_BLOCKED_L1_ACCESS_total_pct, 0,       13.815

RET_BLOCKED_MEM_STALL_count, 0,         50504
RET_BLOCKED_MEM_STALL_pct, 0,        1.202
RET_BLOCKED_MEM_STALL_total_count, 0,        175866
RET_BLOCKED_MEM_STALL_total_pct, 0,        1.384

RET_BLOCKED_OFFCHIP_DEMAND_count, 0,             0
RET_BLOCKED_OFFCHIP_DEMAND_pct, 0,        0.000
RET_BLOCKED_OFFCHIP_DEMAND_total_count, 0,             0
RET_BLOCKED_OFFCHIP_DEMAND_total_pct, 0,        0.000

OP_ISSUED_count, 0,      12114102
OP_ISSUED_total_count, 0,      35885577

OP_RETIRED_count, 0,      12016220
OP_RETIRED_total_count, 0,      35546399

OP_MACRO_FUSION_ONPATH_count, 0,             0
OP_MACRO_FUSION_ONPATH_total_count, 0,             0

OP_MACRO_FUSION_OFFPATH_count, 0,             0
OP_MACRO_FUSION_OFFPATH_total_count, 0,             0

REPLAY_SIGNALED_count, 0,             0
REPLAY_SIGNALED_total_count, 0,             0

REPLAY_COUNTED_count, 0,             0
REPLAY_COUNTED_total_count, 0,             0

OFF_CRITICAL_PATH_count, 402,             0
OFF_CRITICAL_PATH_total_count, 402,             0

ON_CRITICAL_PATH_count, 402,             0
ON_CRITICAL_PATH_total_count, 402,             0

LD_NO_DEPENDENTS_count, 403,        140237
LD_NO_DEPENDENTS_total_count, 403,        450017

LD_DEPENDENTS_count, 403,       2857400
LD_DEPENDENTS_total_count, 403,       8760771

LD_EXEC_CYCLES_0_count, 404,             0
LD_EXEC_CYCLES_0_total_count, 404,             0

LD_EXEC_CYCLES_1_count, 404,             0
LD_EXEC_CYCLES_1_total_count, 404,             0

LD_EXEC_CYCLES_2_count, 404,             0
LD_EXEC_CYCLES_2_total_count, 404,             0

LD_EXEC_CYCLES_3_count, 404,          9680
LD_EXEC_CYCLES_3_total_count, 404,         34851

LD_EXEC_CYCLES_4_count, 404,         17252
LD_EXEC_CYCLES_4_total_count, 404,         50171

LD_RETIRED_ONPATH_count, 0,       2997637
LD_RETIRED_ONPATH_total_count, 0,       9210788

LD_EXEC_MINUS_FETCH_LATENCY_count, 0,     255275676
LD_EXEC_MINUS_FETCH_LATENCY_total_count, 0,     797487072

LD_RETIRE_MINUS_FETCH_LATENCY_count, 0,     345068852
LD_RETIRE_MINUS_FETCH_LATENCY_total_count, 0,    1070400310

LD_EXEC_TO_DONE_LATENCY_count, 0,      24942652
LD_EXEC_TO_DONE_LATENCY_total_count, 0,      71857598

ICACHE_STAGE_STARVED_count, 405,         61685
ICACHE_STAGE_STARVED_total_count, 405,        265593

ICACHE_STAGE_NOT_STARVED_count, 405,       3915150
ICACHE_STAGE_NOT_STARVED_total_count, 405,      11628235

ICACHE_STAGE_STALLED_count, 406,       1937927
ICACHE_STAGE_STALLED_total_count, 406,       5988477

ICACHE_STAGE_NOT_STALLED_count, 406,       2038908
ICACHE_STAGE_NOT_STALLED_total_count, 406,       5905351

ICACHE_STAGE_OFF_PATH_count, 406,        226361
ICACHE_STAGE_OFF_PATH_total_count, 406,        814183

DECODE_STAGE_STARVED_count, 407,       4000232
DECODE_STAGE_STARVED_total_count, 407,      12009755

DECODE_STAGE_NOT_STARVED_count, 407,        104195
DECODE_STAGE_NOT_STARVED_total_count, 407,        334590

DECODE_STAGE_STALLED_count, 408,         93138
DECODE_STAGE_STALLED_total_count, 408,        300634

DECODE_STAGE_NOT_STALLED_count, 408,       4011289
DECODE_STAGE_NOT_STALLED_total_count, 408,      12043711

DECODE_STAGE_OFF_PATH_count, 408,         98769
DECODE_STAGE_OFF_PATH_total_count, 408,        363666

UOPQ_STAGE_STARVED_count, 409,        184964
UOPQ_STAGE_STARVED_total_count, 409,        695322

UOPQ_STAGE_NOT_STARVED_count, 409,       1907130
UOPQ_STAGE_NOT_STARVED_total_count, 409,       5413022

UOPQ_STAGE_STALLED_count, 410,       1910637
UOPQ_STAGE_STALLED_total_count, 410,       5904807

UOPQ_STAGE_NOT_STALLED_count, 410,       2092094
UOPQ_STAGE_NOT_STALLED_total_count, 410,       6108344

UOPQ_STAGE_OFF_PATH_count, 410,        200465
UOPQ_STAGE_OFF_PATH_total_count, 410,        694860

RS_OP_READY_NOT_ISSUED_TOTAL_count, 0,       4353730
RS_OP_READY_NOT_ISSUED_TOTAL_total_count, 0,      13368724

RS_0_OP_READY_NOT_ISSUED_count, 0,       2795627
RS_0_OP_READY_NOT_ISSUED_total_count, 0,       8284161

RS_1_OP_READY_NOT_ISSUED_count, 0,       1047369
RS_1_OP_READY_NOT_ISSUED_total_count, 0,       3442016

RS_2_OP_READY_NOT_ISSUED_count, 0,        510734
RS_2_OP_READY_NOT_ISSUED_total_count, 0,       1642547

RS_3_OP_READY_NOT_ISSUED_count, 0,             0
RS_3_OP_READY_NOT_ISSUED_total_count, 0,             0

RS_4_OP_READY_NOT_ISSUED_count, 0,             0
RS_4_OP_READY_NOT_ISSUED_total_count, 0,             0

RS_5_OP_READY_NOT_ISSUED_count, 0,             0
RS_5_OP_READY_NOT_ISSUED_total_count, 0,             0

RS_6_OP_READY_NOT_ISSUED_count, 0,             0
RS_6_OP_READY_NOT_ISSUED_total_count, 0,             0

RS_7_OP_READY_NOT_ISSUED_count, 0,             0
RS_7_OP_READY_NOT_ISSUED_total_count, 0,             0

RS_7_PLUS_OP_READY_NOT_ISSUED_count, 0,             0
RS_7_PLUS_OP_READY_NOT_ISSUED_total_count, 0,             0

FU_IDLE_NO_READY_OPS_TOTAL_count, 0,      17017729
FU_IDLE_NO_READY_OPS_TOTAL_total_count, 0,      51834472

FU_0_IDLE_NO_READY_OPS_count, 0,       1244319
FU_0_IDLE_NO_READY_OPS_total_count, 0,       3860505

FU_1_IDLE_NO_READY_OPS_count, 0,       1363395
FU_1_IDLE_NO_READY_OPS_total_count, 0,       4222971

FU_2_IDLE_NO_READY_OPS_count, 0,       1849103
FU_2_IDLE_NO_READY_OPS_total_count, 0,       5554969

FU_3_IDLE_NO_READY_OPS_count, 0,       1848331
FU_3_IDLE_NO_READY_OPS_total_count, 0,       5555118

FU_4_IDLE_NO_READY_OPS_count, 0,       1380352
FU_4_IDLE_NO_READY_OPS_total_count, 0,       4266365

FU_5_IDLE_NO_READY_OPS_count, 0,       1213282
FU_5_IDLE_NO_READY_OPS_total_count, 0,       3775120

FU_6_IDLE_NO_READY_OPS_count, 0,       2471223
FU_6_IDLE_NO_READY_OPS_total_count, 0,       7429343

FU_7_IDLE_NO_READY_OPS_count, 0,       2431245
FU_7_IDLE_NO_READY_OPS_total_count, 0,       7384322

FU_8_IDLE_NO_READY_OPS_count, 0,       1367398
FU_8_IDLE_NO_READY_OPS_total_count, 0,       4230087

FU_9_IDLE_NO_READY_OPS_count, 0,       1849081
FU_9_IDLE_NO_READY_OPS_total_count, 0,       5555672

FU_10_IDLE_NO_READY_OPS_count, 0,             0
FU_10_IDLE_NO_READY_OPS_total_count, 0,             0

FU_11_IDLE_NO_READY_OPS_count, 0,             0
FU_11_IDLE_NO_READY_OPS_total_count, 0,             0

FU_12_IDLE_NO_READY_OPS_count, 0,             0
FU_12_IDLE_NO_READY_OPS_total_count, 0,             0

FU_13_IDLE_NO_READY_OPS_count, 0,             0
FU_13_IDLE_NO_READY_OPS_total_count, 0,             0

FU_14_IDLE_NO_READY_OPS_count, 0,             0
FU_14_IDLE_NO_READY_OPS_total_count, 0,             0

FU_15_IDLE_NO_READY_OPS_count, 0,             0
FU_15_IDLE_NO_READY_OPS_total_count, 0,             0

FU_16_IDLE_NO_READY_OPS_count, 0,             0
FU_16_IDLE_NO_READY_OPS_total_count, 0,             0

FU_17_IDLE_NO_READY_OPS_count, 0,             0
FU_17_IDLE_NO_READY_OPS_total_count, 0,             0

FU_18_IDLE_NO_READY_OPS_count, 0,             0
FU_18_IDLE_NO_READY_OPS_total_count, 0,             0

FU_19_IDLE_NO_READY_OPS_count, 0,             0
FU_19_IDLE_NO_READY_OPS_total_count, 0,             0

FU_20_IDLE_NO_READY_OPS_count, 0,             0
FU_20_IDLE_NO_READY_OPS_total_count, 0,             0

FU_21_IDLE_NO_READY_OPS_count, 0,             0
FU_21_IDLE_NO_READY_OPS_total_count, 0,             0

FU_22_IDLE_NO_READY_OPS_count, 0,             0
FU_22_IDLE_NO_READY_OPS_total_count, 0,             0

FU_23_IDLE_NO_READY_OPS_count, 0,             0
FU_23_IDLE_NO_READY_OPS_total_count, 0,             0

FU_24_IDLE_NO_READY_OPS_count, 0,             0
FU_24_IDLE_NO_READY_OPS_total_count, 0,             0

FU_25_IDLE_NO_READY_OPS_count, 0,             0
FU_25_IDLE_NO_READY_OPS_total_count, 0,             0

FU_26_IDLE_NO_READY_OPS_count, 0,             0
FU_26_IDLE_NO_READY_OPS_total_count, 0,             0

FU_27_IDLE_NO_READY_OPS_count, 0,             0
FU_27_IDLE_NO_READY_OPS_total_count, 0,             0

FU_28_IDLE_NO_READY_OPS_count, 0,             0
FU_28_IDLE_NO_READY_OPS_total_count, 0,             0

FU_29_IDLE_NO_READY_OPS_count, 0,             0
FU_29_IDLE_NO_READY_OPS_total_count, 0,             0

FU_30_IDLE_NO_READY_OPS_count, 0,             0
FU_30_IDLE_NO_READY_OPS_total_count, 0,             0

FU_31_IDLE_NO_READY_OPS_count, 0,             0
FU_31_IDLE_NO_READY_OPS_total_count, 0,             0

FU_31_PLUS_IDLE_NO_READY_OPS_count, 0,             0
FU_31_PLUS_IDLE_NO_READY_OPS_total_count, 0,             0

MAP_STAGE_STARVED_count, 411,         63569
MAP_STAGE_STARVED_total_count, 411,        287952

MAP_STAGE_NOT_STARVED_count, 411,       4013657
MAP_STAGE_NOT_STARVED_total_count, 411,      11969539

MAP_STAGE_STALLED_count, 412,       1909097
MAP_STAGE_STALLED_total_count, 412,       5725931

MAP_STAGE_NOT_STALLED_count, 412,       2168129
MAP_STAGE_NOT_STALLED_total_count, 412,       6531560

MAP_STAGE_OFF_PATH_count, 412,        125970
MAP_STAGE_OFF_PATH_total_count, 412,        450520

MAP_STAGE_STALL_ITSELF_count, 413,             0
MAP_STAGE_STALL_ITSELF_total_count, 413,             0

MAP_STAGE_NOT_STALL_ITSELF_count, 413,       4203196
MAP_STAGE_NOT_STALL_ITSELF_total_count, 413,      12708011

MAP_STAGE_LATE_ALLOCATE_SEND_BACK_count, 0,             0
MAP_STAGE_LATE_ALLOCATE_SEND_BACK_total_count, 0,             0

MAP_STAGE_RENAME_OP_ONPATH_count, 0,      12016100
MAP_STAGE_RENAME_OP_ONPATH_total_count, 0,      35546399

MAP_STAGE_RENAME_OP_OFFPATH_count, 0,        183081
MAP_STAGE_RENAME_OP_OFFPATH_total_count, 0,        619828

MAP_STAGE_RENAME_INT_REG_ONPATH_count, 0,       7210004
MAP_STAGE_RENAME_INT_REG_ONPATH_total_count, 0,      20788247

MAP_STAGE_RENAME_INT_REG_OFFPATH_count, 0,         99714
MAP_STAGE_RENAME_INT_REG_OFFPATH_total_count, 0,        319341

MAP_STAGE_RENAME_VEC_REG_ONPATH_count, 0,        721786
MAP_STAGE_RENAME_VEC_REG_ONPATH_total_count, 0,       2330167

MAP_STAGE_RENAME_VEC_REG_OFFPATH_count, 0,         19981
MAP_STAGE_RENAME_VEC_REG_OFFPATH_total_count, 0,         65423

MAP_STAGE_RENAME_MOVE_ELIM_ONPATH_count, 0,             0
MAP_STAGE_RENAME_MOVE_ELIM_ONPATH_total_count, 0,             0

MAP_STAGE_RENAME_MOVE_ELIM_OFFPATH_count, 0,             0
MAP_STAGE_RENAME_MOVE_ELIM_OFFPATH_total_count, 0,             0

REG_FILE_UTIL_SAMPLES_count, 0,       4203196
REG_FILE_UTIL_SAMPLES_total_count, 0,      12708011

REG_FILE_INT_PHYS_REGS_SUM_count, 0,    1176894880
REG_FILE_INT_PHYS_REGS_SUM_total_count, 0,    3558243080

REG_FILE_VEC_PHYS_REGS_SUM_count, 0,    1395461072
REG_FILE_VEC_PHYS_REGS_SUM_total_count, 0,    4219059652

REG_FILE_INT_OCCUPIED_SUM_count, 0,     402966872
REG_FILE_INT_OCCUPIED_SUM_total_count, 0,    1185617093

REG_FILE_VEC_OCCUPIED_SUM_count, 0,     156060137
REG_FILE_VEC_OCCUPIED_SUM_total_count, 0,     480236884

MAP_STAGE_ONPATH_INT_REG_NUM_ALLOC_count, 0,       7210098
MAP_STAGE_ONPATH_INT_REG_NUM_ALLOC_total_count, 0,      20788229

MAP_STAGE_ONPATH_VEC_REG_NUM_ALLOC_count, 0,        721786
MAP_STAGE_ONPATH_VEC_REG_NUM_ALLOC_total_count, 0,       2330151

MAP_STAGE_ONPATH_INT_REG_NUM_SHORTLIVE_count, 0,       2441486
MAP_STAGE_ONPATH_INT_REG_NUM_SHORTLIVE_total_count, 0,       7188579

MAP_STAGE_ONPATH_VEC_REG_NUM_SHORTLIVE_count, 0,        492507
MAP_STAGE_ONPATH_VEC_REG_NUM_SHORTLIVE_total_count, 0,       1601073

MAP_STAGE_ONPATH_INT_REG_USE_COUNT_0_count, 0,        400016
MAP_STAGE_ONPATH_INT_REG_USE_COUNT_0_total_count, 0,        800232

MAP_STAGE_ONPATH_VEC_REG_USE_COUNT_0_count, 0,         68927
MAP_STAGE_ONPATH_VEC_REG_USE_COUNT_0_total_count, 0,        222656

MAP_STAGE_ONPATH_INT_REG_USE_COUNT_1_count, 0,       4846199
MAP_STAGE_ONPATH_INT_REG_USE_COUNT_1_total_count, 0,      14386676

MAP_STAGE_ONPATH_VEC_REG_USE_COUNT_1_count, 0,        582798
MAP_STAGE_ONPATH_VEC_REG_USE_COUNT_1_total_count, 0,       1880461

MAP_STAGE_ONPATH_INT_REG_USE_COUNT_2_count, 0,        833672
MAP_STAGE_ONPATH_INT_REG_USE_COUNT_2_total_count, 0,       2204094

MAP_STAGE_ONPATH_VEC_REG_USE_COUNT_2_count, 0,         58924
MAP_STAGE_ONPATH_VEC_REG_USE_COUNT_2_total_count, 0,        191248

MAP_STAGE_ONPATH_INT_REG_USE_COUNT_3_count, 0,        318015
MAP_STAGE_ONPATH_INT_REG_USE_COUNT_3_total_count, 0,        776592

MAP_STAGE_ONPATH_VEC_REG_USE_COUNT_3_count, 0,           712
MAP_STAGE_ONPATH_VEC_REG_USE_COUNT_3_total_count, 0,          2370

MAP_STAGE_ONPATH_INT_REG_USE_COUNT_4_count, 0,        670672
MAP_STAGE_ONPATH_INT_REG_USE_COUNT_4_total_count, 0,       2162138

MAP_STAGE_ONPATH_VEC_REG_USE_COUNT_4_count, 0,           302
MAP_STAGE_ONPATH_VEC_REG_USE_COUNT_4_total_count, 0,          1043

MAP_STAGE_ONPATH_INT_REG_USE_COUNT_5_count, 0,         78945
MAP_STAGE_ONPATH_INT_REG_USE_COUNT_5_total_count, 0,        255852

MAP_STAGE_ONPATH_VEC_REG_USE_COUNT_5_count, 0,             1
MAP_STAGE_ONPATH_VEC_REG_USE_COUNT_5_total_count, 0,             3

MAP_STAGE_ONPATH_INT_REG_USE_COUNT_6_count, 0,         25353
MAP_STAGE_ONPATH_INT_REG_USE_COUNT_6_total_count, 0,         82761

MAP_STAGE_ONPATH_VEC_REG_USE_COUNT_6_count, 0,             7
MAP_STAGE_ONPATH_VEC_REG_USE_COUNT_6_total_count, 0,            14

MAP_STAGE_ONPATH_INT_REG_USE_COUNT_7_PLUS_count, 0,         37226
MAP_STAGE_ONPATH_INT_REG_USE_COUNT_7_PLUS_total_count, 0,        119884

MAP_STAGE_ONPATH_VEC_REG_USE_COUNT_7_PLUS_count, 0,         10115
MAP_STAGE_ONPATH_VEC_REG_USE_COUNT_7_PLUS_total_count, 0,         32356

MAP_STAGE_ONPATH_INT_REG_CONSUME_DIST_0_count, 0,             0
MAP_STAGE_ONPATH_INT_REG_CONSUME_DIST_0_pct, 0,        0.000
MAP_STAGE_ONPATH_INT_REG_CONSUME_DIST_0_total_count, 0,             0
MAP_STAGE_ONPATH_INT_REG_CONSUME_DIST_0_total_pct, 0,        0.000

MAP_STAGE_ONPATH_VEC_REG_CONSUME_DIST_0_count, 0,             0
MAP_STAGE_ONPATH_VEC_REG_CONSUME_DIST_0_pct, 0,        0.000
MAP_STAGE_ONPATH_VEC_REG_CONSUME_DIST_0_total_count, 0,             0
MAP_STAGE_ONPATH_VEC_REG_CONSUME_DIST_0_total_pct, 0,        0.000

MAP_STAGE_ONPATH_INT_REG_CONSUME_DIST_1_count, 0,             0
MAP_STAGE_ONPATH_INT_REG_CONSUME_DIST_1_pct, 0,        0.000
MAP_STAGE_ONPATH_INT_REG_CONSUME_DIST_1_total_count, 0,             0
MAP_STAGE_ONPATH_INT_REG_CONSUME_DIST_1_total_pct, 0,        0.000

MAP_STAGE_ONPATH_VEC_REG_CONSUME_DIST_1_count, 0,             0
MAP_STAGE_ONPATH_VEC_REG_CONSUME_DIST_1_pct, 0,        0.000
MAP_STAGE_ONPATH_VEC_REG_CONSUME_DIST_1_total_count, 0,             0
MAP_STAGE_ONPATH_VEC_REG_CONSUME_DIST_1_total_pct, 0,        0.000

MAP_STAGE_ONPATH_INT_REG_CONSUME_DIST_2_count, 0,      12493348
MAP_STAGE_ONPATH_INT_REG_CONSUME_DIST_2_pct, 0,       14.986
MAP_STAGE_ONPATH_INT_REG_CONSUME_DIST_2_total_count, 0,      39061298
MAP_STAGE_ONPATH_INT_REG_CONSUME_DIST_2_total_pct, 0,       17.722

MAP_STAGE_ONPATH_VEC_REG_CONSUME_DIST_2_count, 0,       1058745
MAP_STAGE_ONPATH_VEC_REG_CONSUME_DIST_2_pct, 0,       17.968
MAP_STAGE_ONPATH_VEC_REG_CONSUME_DIST_2_total_count, 0,       2125292
MAP_STAGE_ONPATH_VEC_REG_CONSUME_DIST_2_total_pct, 0,       11.113

MAP_STAGE_ONPATH_INT_REG_CONSUME_DIST_3_count, 0,        925923
MAP_STAGE_ONPATH_INT_REG_CONSUME_DIST_3_pct, 0,        2.912
MAP_STAGE_ONPATH_INT_REG_CONSUME_DIST_3_total_count, 0,       3267931
MAP_STAGE_ONPATH_INT_REG_CONSUME_DIST_3_total_pct, 0,        4.208

MAP_STAGE_ONPATH_VEC_REG_CONSUME_DIST_3_count, 0,        174183
MAP_STAGE_ONPATH_VEC_REG_CONSUME_DIST_3_pct, 0,      244.639
MAP_STAGE_ONPATH_VEC_REG_CONSUME_DIST_3_total_count, 0,        575350
MAP_STAGE_ONPATH_VEC_REG_CONSUME_DIST_3_total_pct, 0,      242.764

MAP_STAGE_ONPATH_INT_REG_CONSUME_DIST_4_count, 0,       5652310
MAP_STAGE_ONPATH_INT_REG_CONSUME_DIST_4_pct, 0,        8.428
MAP_STAGE_ONPATH_INT_REG_CONSUME_DIST_4_total_count, 0,      18570987
MAP_STAGE_ONPATH_INT_REG_CONSUME_DIST_4_total_pct, 0,        8.589

MAP_STAGE_ONPATH_VEC_REG_CONSUME_DIST_4_count, 0,          4701
MAP_STAGE_ONPATH_VEC_REG_CONSUME_DIST_4_pct, 0,       15.566
MAP_STAGE_ONPATH_VEC_REG_CONSUME_DIST_4_total_count, 0,         23607
MAP_STAGE_ONPATH_VEC_REG_CONSUME_DIST_4_total_pct, 0,       22.634

MAP_STAGE_ONPATH_INT_REG_CONSUME_DIST_5_count, 0,       1832840
MAP_STAGE_ONPATH_INT_REG_CONSUME_DIST_5_pct, 0,       23.217
MAP_STAGE_ONPATH_INT_REG_CONSUME_DIST_5_total_count, 0,       5986584
MAP_STAGE_ONPATH_INT_REG_CONSUME_DIST_5_total_pct, 0,       23.399

MAP_STAGE_ONPATH_VEC_REG_CONSUME_DIST_5_count, 0,             5
MAP_STAGE_ONPATH_VEC_REG_CONSUME_DIST_5_pct, 0,        5.000
MAP_STAGE_ONPATH_VEC_REG_CONSUME_DIST_5_total_count, 0,          3158
MAP_STAGE_ONPATH_VEC_REG_CONSUME_DIST_5_total_pct, 0,     1052.667

MAP_STAGE_ONPATH_INT_REG_CONSUME_DIST_6_count, 0,       1133160
MAP_STAGE_ONPATH_INT_REG_CONSUME_DIST_6_pct, 0,       44.695
MAP_STAGE_ONPATH_INT_REG_CONSUME_DIST_6_total_count, 0,       3631221
MAP_STAGE_ONPATH_INT_REG_CONSUME_DIST_6_total_pct, 0,       43.876

MAP_STAGE_ONPATH_VEC_REG_CONSUME_DIST_6_count, 0,           183
MAP_STAGE_ONPATH_VEC_REG_CONSUME_DIST_6_pct, 0,       26.143
MAP_STAGE_ONPATH_VEC_REG_CONSUME_DIST_6_total_count, 0,           566
MAP_STAGE_ONPATH_VEC_REG_CONSUME_DIST_6_total_pct, 0,       40.429

MAP_STAGE_ONPATH_INT_REG_CONSUME_DIST_7_PLUS_count, 0,       8426699
MAP_STAGE_ONPATH_INT_REG_CONSUME_DIST_7_PLUS_pct, 0,      226.366
MAP_STAGE_ONPATH_INT_REG_CONSUME_DIST_7_PLUS_total_count, 0,      26821542
MAP_STAGE_ONPATH_INT_REG_CONSUME_DIST_7_PLUS_total_pct, 0,      223.729

MAP_STAGE_ONPATH_VEC_REG_CONSUME_DIST_7_PLUS_count, 0,        286960
MAP_STAGE_ONPATH_VEC_REG_CONSUME_DIST_7_PLUS_pct, 0,       28.370
MAP_STAGE_ONPATH_VEC_REG_CONSUME_DIST_7_PLUS_total_count, 0,       1016935
MAP_STAGE_ONPATH_VEC_REG_CONSUME_DIST_7_PLUS_total_pct, 0,       31.430

MAP_STAGE_INT_REG_ISSUE_READ_TOTAL_CONSUMED_count, 0,      13080007
MAP_STAGE_INT_REG_ISSUE_READ_TOTAL_CONSUMED_pct, 0,        4.002
MAP_STAGE_INT_REG_ISSUE_READ_TOTAL_CONSUMED_total_count, 0,      38940870
MAP_STAGE_INT_REG_ISSUE_READ_TOTAL_CONSUMED_total_pct, 0,        3.929

MAP_STAGE_VEC_REG_ISSUE_READ_TOTAL_CONSUMED_count, 0,        970029
MAP_STAGE_VEC_REG_ISSUE_READ_TOTAL_CONSUMED_pct, 0,        0.297
MAP_STAGE_VEC_REG_ISSUE_READ_TOTAL_CONSUMED_total_count, 0,       3132478
MAP_STAGE_VEC_REG_ISSUE_READ_TOTAL_CONSUMED_total_pct, 0,        0.316

MAP_STAGE_INT_REG_ISSUE_READ_MULTI_CONSUMED_count, 0,       6236598
MAP_STAGE_INT_REG_ISSUE_READ_MULTI_CONSUMED_pct, 0,        1.908
MAP_STAGE_INT_REG_ISSUE_READ_MULTI_CONSUMED_total_count, 0,      18843983
MAP_STAGE_INT_REG_ISSUE_READ_MULTI_CONSUMED_total_pct, 0,        1.901

MAP_STAGE_VEC_REG_ISSUE_READ_MULTI_CONSUMED_count, 0,        312239
MAP_STAGE_VEC_REG_ISSUE_READ_MULTI_CONSUMED_pct, 0,        0.096
MAP_STAGE_VEC_REG_ISSUE_READ_MULTI_CONSUMED_total_count, 0,       1009079
MAP_STAGE_VEC_REG_ISSUE_READ_MULTI_CONSUMED_total_pct, 0,        0.102

MAP_STAGE_INT_REG_ISSUE_READ_SAME_CYCLE_CONSUMED_count, 0,       2436535
MAP_STAGE_INT_REG_ISSUE_READ_SAME_CYCLE_CONSUMED_pct, 0,        0.745
MAP_STAGE_INT_REG_ISSUE_READ_SAME_CYCLE_CONSUMED_total_count, 0,       7203141
MAP_STAGE_INT_REG_ISSUE_READ_SAME_CYCLE_CONSUMED_total_pct, 0,        0.727

MAP_STAGE_VEC_REG_ISSUE_READ_SAME_CYCLE_CONSUMED_count, 0,         74553
MAP_STAGE_VEC_REG_ISSUE_READ_SAME_CYCLE_CONSUMED_pct, 0,        0.023
MAP_STAGE_VEC_REG_ISSUE_READ_SAME_CYCLE_CONSUMED_total_count, 0,        234058
MAP_STAGE_VEC_REG_ISSUE_READ_SAME_CYCLE_CONSUMED_total_pct, 0,        0.024

MAP_STAGE_INT_REG_ISSUE_READ_TOTAL_CONSUMED_ONPATH_count, 0,      13003620
MAP_STAGE_INT_REG_ISSUE_READ_TOTAL_CONSUMED_ONPATH_pct, 0,        4.049
MAP_STAGE_INT_REG_ISSUE_READ_TOTAL_CONSUMED_ONPATH_total_count, 0,      38692289
MAP_STAGE_INT_REG_ISSUE_READ_TOTAL_CONSUMED_ONPATH_total_pct, 0,        3.981

MAP_STAGE_VEC_REG_ISSUE_READ_TOTAL_CONSUMED_ONPATH_count, 0,        963293
MAP_STAGE_VEC_REG_ISSUE_READ_TOTAL_CONSUMED_ONPATH_pct, 0,        0.300
MAP_STAGE_VEC_REG_ISSUE_READ_TOTAL_CONSUMED_ONPATH_total_count, 0,       3110691
MAP_STAGE_VEC_REG_ISSUE_READ_TOTAL_CONSUMED_ONPATH_total_pct, 0,        0.320

MAP_STAGE_INT_REG_ISSUE_READ_MULTI_CONSUMED_ONPATH_count, 0,       6193583
MAP_STAGE_INT_REG_ISSUE_READ_MULTI_CONSUMED_ONPATH_pct, 0,        1.928
MAP_STAGE_INT_REG_ISSUE_READ_MULTI_CONSUMED_ONPATH_total_count, 0,      18704272
MAP_STAGE_INT_REG_ISSUE_READ_MULTI_CONSUMED_ONPATH_total_pct, 0,        1.925

MAP_STAGE_VEC_REG_ISSUE_READ_MULTI_CONSUMED_ONPATH_count, 0,        310434
MAP_STAGE_VEC_REG_ISSUE_READ_MULTI_CONSUMED_ONPATH_pct, 0,        0.097
MAP_STAGE_VEC_REG_ISSUE_READ_MULTI_CONSUMED_ONPATH_total_count, 0,       1003179
MAP_STAGE_VEC_REG_ISSUE_READ_MULTI_CONSUMED_ONPATH_total_pct, 0,        0.103

MAP_STAGE_INT_REG_ISSUE_READ_SAME_CYCLE_CONSUMED_ONPATH_count, 0,       2416486
MAP_STAGE_INT_REG_ISSUE_READ_SAME_CYCLE_CONSUMED_ONPATH_pct, 0,        0.752
MAP_STAGE_INT_REG_ISSUE_READ_SAME_CYCLE_CONSUMED_ONPATH_total_count, 0,       7137913
MAP_STAGE_INT_REG_ISSUE_READ_SAME_CYCLE_CONSUMED_ONPATH_total_pct, 0,        0.734

MAP_STAGE_VEC_REG_ISSUE_READ_SAME_CYCLE_CONSUMED_ONPATH_count, 0,         73812
MAP_STAGE_VEC_REG_ISSUE_READ_SAME_CYCLE_CONSUMED_ONPATH_pct, 0,        0.023
MAP_STAGE_VEC_REG_ISSUE_READ_SAME_CYCLE_CONSUMED_ONPATH_total_count, 0,        231678
MAP_STAGE_VEC_REG_ISSUE_READ_SAME_CYCLE_CONSUMED_ONPATH_total_pct, 0,        0.024

MAP_STAGE_ONPATH_INT_REG_LIFECYCLE_EMPTY_count, 0,     123213765
MAP_STAGE_ONPATH_INT_REG_LIFECYCLE_EMPTY_total_count, 0,     374224740

MAP_STAGE_ONPATH_VEC_REG_LIFECYCLE_EMPTY_count, 0,      14378840
MAP_STAGE_ONPATH_VEC_REG_LIFECYCLE_EMPTY_total_count, 0,      48402459

MAP_STAGE_ONPATH_INT_REG_LIFECYCLE_IN_USE_count, 0,     219467531
MAP_STAGE_ONPATH_INT_REG_LIFECYCLE_IN_USE_total_count, 0,     643327672

MAP_STAGE_ONPATH_VEC_REG_LIFECYCLE_IN_USE_count, 0,      18214832
MAP_STAGE_ONPATH_VEC_REG_LIFECYCLE_IN_USE_total_count, 0,      59601853

MAP_STAGE_ONPATH_INT_REG_LIFECYCLE_SPEC_RELEASE_count, 0,     376741601
MAP_STAGE_ONPATH_INT_REG_LIFECYCLE_SPEC_RELEASE_total_count, 0,    1102422436

MAP_STAGE_ONPATH_VEC_REG_LIFECYCLE_SPEC_RELEASE_count, 0,      90815286
MAP_STAGE_ONPATH_VEC_REG_LIFECYCLE_SPEC_RELEASE_total_count, 0,     271756301

MAP_STAGE_ONPATH_INT_REG_LIFECYCLE_NONSPEC_RELEASE_count, 0,     376741601
MAP_STAGE_ONPATH_INT_REG_LIFECYCLE_NONSPEC_RELEASE_total_count, 0,    1102422436

MAP_STAGE_ONPATH_VEC_REG_LIFECYCLE_NONSPEC_RELEASE_count, 0,      90815286
MAP_STAGE_ONPATH_VEC_REG_LIFECYCLE_NONSPEC_RELEASE_total_count, 0,     271756301

MAP_STAGE_ONPATH_INT_REG_LIFECYCLE_TOTAL_count, 0,     376741601
MAP_STAGE_ONPATH_INT_REG_LIFECYCLE_TOTAL_total_count, 0,    1102422436

MAP_STAGE_ONPATH_VEC_REG_LIFECYCLE_TOTAL_count, 0,      90815286
MAP_STAGE_ONPATH_VEC_REG_LIFECYCLE_TOTAL_total_count, 0,     271756301

MAP_STAGE_ONPATH_INT_REG_NUM_NONBRANCH_count, 0,       7210098
MAP_STAGE_ONPATH_INT_REG_NUM_NONBRANCH_total_count, 0,      20788229

MAP_STAGE_ONPATH_VEC_REG_NUM_NONBRANCH_count, 0,        721786
MAP_STAGE_ONPATH_VEC_REG_NUM_NONBRANCH_total_count, 0,       2330151

MAP_STAGE_ONPATH_INT_REG_NUM_NONEXCEPT_count, 0,       7210098
MAP_STAGE_ONPATH_INT_REG_NUM_NONEXCEPT_total_count, 0,      20788229

MAP_STAGE_ONPATH_VEC_REG_NUM_NONEXCEPT_count, 0,        721786
MAP_STAGE_ONPATH_VEC_REG_NUM_NONEXCEPT_total_count, 0,       2330151

MAP_STAGE_ONPATH_INT_REG_NUM_ATOMIC_count, 0,       7210098
MAP_STAGE_ONPATH_INT_REG_NUM_ATOMIC_total_count, 0,      20788229

MAP_STAGE_ONPATH_VEC_REG_NUM_ATOMIC_count, 0,        721786
MAP_STAGE_ONPATH_VEC_REG_NUM_ATOMIC_total_count, 0,       2330151

MAP_STAGE_ONPATH_INT_REG_ATOMIC_REDEFINED_DIST_TOTAL_count, 0,     376741601
MAP_STAGE_ONPATH_INT_REG_ATOMIC_REDEFINED_DIST_TOTAL_pct, 0,       52.252
MAP_STAGE_ONPATH_INT_REG_ATOMIC_REDEFINED_DIST_TOTAL_total_count, 0,    1102422436
MAP_STAGE_ONPATH_INT_REG_ATOMIC_REDEFINED_DIST_TOTAL_total_pct, 0,       53.031

MAP_STAGE_ONPATH_VEC_REG_ATOMIC_REDEFINED_DIST_TOTAL_count, 0,      90815286
MAP_STAGE_ONPATH_VEC_REG_ATOMIC_REDEFINED_DIST_TOTAL_pct, 0,      125.820
MAP_STAGE_ONPATH_VEC_REG_ATOMIC_REDEFINED_DIST_TOTAL_total_count, 0,     271756301
MAP_STAGE_ONPATH_VEC_REG_ATOMIC_REDEFINED_DIST_TOTAL_total_pct, 0,      116.626

MAP_STAGE_ONPATH_INT_REG_ATOMIC_CONSUMED_DIST_TOTAL_count, 0,     219467531
MAP_STAGE_ONPATH_INT_REG_ATOMIC_CONSUMED_DIST_TOTAL_pct, 0,       30.439
MAP_STAGE_ONPATH_INT_REG_ATOMIC_CONSUMED_DIST_TOTAL_total_count, 0,     643327672
MAP_STAGE_ONPATH_INT_REG_ATOMIC_CONSUMED_DIST_TOTAL_total_pct, 0,       30.947

MAP_STAGE_ONPATH_VEC_REG_ATOMIC_CONSUMED_DIST_TOTAL_count, 0,      18214832
MAP_STAGE_ONPATH_VEC_REG_ATOMIC_CONSUMED_DIST_TOTAL_pct, 0,       25.236
MAP_STAGE_ONPATH_VEC_REG_ATOMIC_CONSUMED_DIST_TOTAL_total_count, 0,      59601853
MAP_STAGE_ONPATH_VEC_REG_ATOMIC_CONSUMED_DIST_TOTAL_total_pct, 0,       25.579

MAP_STAGE_ONPATH_INT_REG_ATOMIC_RELEASE_DIST_TOTAL_count, 0,     376741601
MAP_STAGE_ONPATH_INT_REG_ATOMIC_RELEASE_DIST_TOTAL_pct, 0,       52.252
MAP_STAGE_ONPATH_INT_REG_ATOMIC_RELEASE_DIST_TOTAL_total_count, 0,    1102422436
MAP_STAGE_ONPATH_INT_REG_ATOMIC_RELEASE_DIST_TOTAL_total_pct, 0,       53.031

MAP_STAGE_ONPATH_VEC_REG_ATOMIC_RELEASE_DIST_TOTAL_count, 0,      90815286
MAP_STAGE_ONPATH_VEC_REG_ATOMIC_RELEASE_DIST_TOTAL_pct, 0,      125.820
MAP_STAGE_ONPATH_VEC_REG_ATOMIC_RELEASE_DIST_TOTAL_total_count, 0,     271756301
MAP_STAGE_ONPATH_VEC_REG_ATOMIC_RELEASE_DIST_TOTAL_total_pct, 0,      116.626

EXEC_STAGE_STARVED_count, 414,       3849107
EXEC_STAGE_STARVED_total_count, 414,      11510627

EXEC_STAGE_NOT_STARVED_count, 414,        252643
EXEC_STAGE_NOT_STARVED_total_count, 414,        839071

EXEC_STAGE_OFF_PATH_count, 414,        101446
EXEC_STAGE_OFF_PATH_total_count, 414,        358313

FU_BUSY_0_count, 0,       1742672
FU_BUSY_0_total_count, 0,       5053904

FU_BUSY_1_count, 0,       1327116
FU_BUSY_1_total_count, 0,       3799640

FU_BUSY_2_count, 0,       1094088
FU_BUSY_2_total_count, 0,       3387933

FU_BUSY_3_count, 0,       1094320
FU_BUSY_3_total_count, 0,       3386681

FU_BUSY_4_count, 0,       1219379
FU_BUSY_4_total_count, 0,       3544051

FU_BUSY_5_count, 0,       1916900
FU_BUSY_5_total_count, 0,       5566854

FU_BUSY_6_count, 0,        787773
FU_BUSY_6_total_count, 0,       2457947

FU_BUSY_7_count, 0,        826295
FU_BUSY_7_total_count, 0,       2500907

FU_BUSY_8_count, 0,       1309187
FU_BUSY_8_total_count, 0,       3788792

FU_BUSY_9_count, 0,       1093634
FU_BUSY_9_total_count, 0,       3388440

FU_BUSY_10_count, 0,             0
FU_BUSY_10_total_count, 0,             0

FU_BUSY_11_count, 0,             0
FU_BUSY_11_total_count, 0,             0

FU_BUSY_12_count, 0,             0
FU_BUSY_12_total_count, 0,             0

FU_BUSY_13_count, 0,             0
FU_BUSY_13_total_count, 0,             0

FU_BUSY_14_count, 0,             0
FU_BUSY_14_total_count, 0,             0

FU_BUSY_15_count, 0,             0
FU_BUSY_15_total_count, 0,             0

FU_BUSY_16_count, 0,             0
FU_BUSY_16_total_count, 0,             0

FU_BUSY_17_count, 0,             0
FU_BUSY_17_total_count, 0,             0

FU_BUSY_18_count, 0,             0
FU_BUSY_18_total_count, 0,             0

FU_BUSY_19_count, 0,             0
FU_BUSY_19_total_count, 0,             0

FU_BUSY_20_count, 0,             0
FU_BUSY_20_total_count, 0,             0

FU_BUSY_21_count, 0,             0
FU_BUSY_21_total_count, 0,             0

FU_BUSY_22_count, 0,             0
FU_BUSY_22_total_count, 0,             0

FU_BUSY_23_count, 0,             0
FU_BUSY_23_total_count, 0,             0

FU_BUSY_24_count, 0,             0
FU_BUSY_24_total_count, 0,             0

FU_BUSY_25_count, 0,             0
FU_BUSY_25_total_count, 0,             0

FU_BUSY_26_count, 0,             0
FU_BUSY_26_total_count, 0,             0

FU_BUSY_27_count, 0,             0
FU_BUSY_27_total_count, 0,             0

FU_BUSY_28_count, 0,             0
FU_BUSY_28_total_count, 0,             0

FU_BUSY_29_count, 0,             0
FU_BUSY_29_total_count, 0,             0

FU_BUSY_30_count, 0,             0
FU_BUSY_30_total_count, 0,             0

FU_BUSY_31_count, 0,             0
FU_BUSY_31_total_count, 0,             0

FU_REJECTED_OP_INV_NOT_SIMD_count, 415,             0
FU_REJECTED_OP_INV_NOT_SIMD_total_count, 415,             0

FU_REJECTED_OP_NOP_NOT_SIMD_count, 415,             0
FU_REJECTED_OP_NOP_NOT_SIMD_total_count, 415,             0

FU_REJECTED_OP_CF_NOT_SIMD_count, 415,             7
FU_REJECTED_OP_CF_NOT_SIMD_total_count, 415,            37

FU_REJECTED_OP_MOV_NOT_SIMD_count, 415,             3
FU_REJECTED_OP_MOV_NOT_SIMD_total_count, 415,            21

FU_REJECTED_OP_CMOV_NOT_SIMD_count, 415,             0
FU_REJECTED_OP_CMOV_NOT_SIMD_total_count, 415,             0

FU_REJECTED_OP_LDA_NOT_SIMD_count, 415,             0
FU_REJECTED_OP_LDA_NOT_SIMD_total_count, 415,             0

FU_REJECTED_OP_IMEM_NOT_SIMD_count, 415,         75285
FU_REJECTED_OP_IMEM_NOT_SIMD_total_count, 415,        251009

FU_REJECTED_OP_IADD_NOT_SIMD_count, 415,          4375
FU_REJECTED_OP_IADD_NOT_SIMD_total_count, 415,         12746

FU_REJECTED_OP_IMUL_NOT_SIMD_count, 415,            56
FU_REJECTED_OP_IMUL_NOT_SIMD_total_count, 415,           253

FU_REJECTED_OP_IDIV_NOT_SIMD_count, 415,             0
FU_REJECTED_OP_IDIV_NOT_SIMD_total_count, 415,             0

FU_REJECTED_OP_ICMP_NOT_SIMD_count, 415,             0
FU_REJECTED_OP_ICMP_NOT_SIMD_total_count, 415,             0

FU_REJECTED_OP_LOGIC_NOT_SIMD_count, 415,             0
FU_REJECTED_OP_LOGIC_NOT_SIMD_total_count, 415,             0

FU_REJECTED_OP_SHIFT_NOT_SIMD_count, 415,             0
FU_REJECTED_OP_SHIFT_NOT_SIMD_total_count, 415,             0

FU_REJECTED_OP_FMEM_NOT_SIMD_count, 415,             0
FU_REJECTED_OP_FMEM_NOT_SIMD_total_count, 415,             0

FU_REJECTED_OP_FCVT_NOT_SIMD_count, 415,             0
FU_REJECTED_OP_FCVT_NOT_SIMD_total_count, 415,             0

FU_REJECTED_OP_FADD_NOT_SIMD_count, 415,             0
FU_REJECTED_OP_FADD_NOT_SIMD_total_count, 415,             0

FU_REJECTED_OP_FMUL_NOT_SIMD_count, 415,             0
FU_REJECTED_OP_FMUL_NOT_SIMD_total_count, 415,             0

FU_REJECTED_OP_FMA_NOT_SIMD_count, 415,             0
FU_REJECTED_OP_FMA_NOT_SIMD_total_count, 415,             0

FU_REJECTED_OP_FDIV_NOT_SIMD_count, 415,             0
FU_REJECTED_OP_FDIV_NOT_SIMD_total_count, 415,             0

FU_REJECTED_OP_FCMP_NOT_SIMD_count, 415,             0
FU_REJECTED_OP_FCMP_NOT_SIMD_total_count, 415,             0

FU_REJECTED_OP_FCMOV_NOT_SIMD_count, 415,             0
FU_REJECTED_OP_FCMOV_NOT_SIMD_total_count, 415,             0

FU_REJECTED_OP_GATHER_NOT_SIMD_count, 415,             0
FU_REJECTED_OP_GATHER_NOT_SIMD_total_count, 415,             0

FU_REJECTED_OP_SCATTER_NOT_SIMD_count, 415,             0
FU_REJECTED_OP_SCATTER_NOT_SIMD_total_count, 415,             0

FU_REJECTED_OP_PIPELINED_FAST_NOT_SIMD_count, 415,             0
FU_REJECTED_OP_PIPELINED_FAST_NOT_SIMD_total_count, 415,             0

FU_REJECTED_OP_PIPELINED_MEDIUM_NOT_SIMD_count, 415,             0
FU_REJECTED_OP_PIPELINED_MEDIUM_NOT_SIMD_total_count, 415,             0

FU_REJECTED_OP_PIPELINED_SLOW_NOT_SIMD_count, 415,             0
FU_REJECTED_OP_PIPELINED_SLOW_NOT_SIMD_total_count, 415,             0

FU_REJECTED_OP_NOTPIPELINED_MEDIUM_NOT_SIMD_count, 415,             0
FU_REJECTED_OP_NOTPIPELINED_MEDIUM_NOT_SIMD_total_count, 415,             0

FU_REJECTED_OP_NOTPIPELINED_SLOW_NOT_SIMD_count, 415,             0
FU_REJECTED_OP_NOTPIPELINED_SLOW_NOT_SIMD_total_count, 415,             0

FU_REJECTED_OP_NOTPIPELINED_VERY_SLOW_NOT_SIMD_count, 415,             0
FU_REJECTED_OP_NOTPIPELINED_VERY_SLOW_NOT_SIMD_total_count, 415,             0

FU_REJECTED_OP_INV_SIMD_count, 415,             0
FU_REJECTED_OP_INV_SIMD_total_count, 415,             0

FU_REJECTED_OP_NOP_SIMD_count, 415,             0
FU_REJECTED_OP_NOP_SIMD_total_count, 415,             0

FU_REJECTED_OP_CF_SIMD_count, 415,             0
FU_REJECTED_OP_CF_SIMD_total_count, 415,             0

FU_REJECTED_OP_MOV_SIMD_count, 415,            77
FU_REJECTED_OP_MOV_SIMD_total_count, 415,           199

FU_REJECTED_OP_CMOV_SIMD_count, 415,             0
FU_REJECTED_OP_CMOV_SIMD_total_count, 415,             0

FU_REJECTED_OP_LDA_SIMD_count, 415,             0
FU_REJECTED_OP_LDA_SIMD_total_count, 415,             0

FU_REJECTED_OP_IMEM_SIMD_count, 415,             0
FU_REJECTED_OP_IMEM_SIMD_total_count, 415,             0

FU_REJECTED_OP_IADD_SIMD_count, 415,             0
FU_REJECTED_OP_IADD_SIMD_total_count, 415,             0

FU_REJECTED_OP_IMUL_SIMD_count, 415,            14
FU_REJECTED_OP_IMUL_SIMD_total_count, 415,            36

FU_REJECTED_OP_IDIV_SIMD_count, 415,             0
FU_REJECTED_OP_IDIV_SIMD_total_count, 415,             0

FU_REJECTED_OP_ICMP_SIMD_count, 415,             0
FU_REJECTED_OP_ICMP_SIMD_total_count, 415,             0

FU_REJECTED_OP_LOGIC_SIMD_count, 415,             0
FU_REJECTED_OP_LOGIC_SIMD_total_count, 415,             0

FU_REJECTED_OP_SHIFT_SIMD_count, 415,             0
FU_REJECTED_OP_SHIFT_SIMD_total_count, 415,             0

FU_REJECTED_OP_FMEM_SIMD_count, 415,             0
FU_REJECTED_OP_FMEM_SIMD_total_count, 415,             0

FU_REJECTED_OP_FCVT_SIMD_count, 415,         62891
FU_REJECTED_OP_FCVT_SIMD_total_count, 415,        207281

FU_REJECTED_OP_FADD_SIMD_count, 415,         19732
FU_REJECTED_OP_FADD_SIMD_total_count, 415,         63725

FU_REJECTED_OP_FMUL_SIMD_count, 415,             0
FU_REJECTED_OP_FMUL_SIMD_total_count, 415,             0

FU_REJECTED_OP_FMA_SIMD_count, 415,             0
FU_REJECTED_OP_FMA_SIMD_total_count, 415,             0

FU_REJECTED_OP_FDIV_SIMD_count, 415,             0
FU_REJECTED_OP_FDIV_SIMD_total_count, 415,             0

FU_REJECTED_OP_FCMP_SIMD_count, 415,             0
FU_REJECTED_OP_FCMP_SIMD_total_count, 415,             0

FU_REJECTED_OP_FCMOV_SIMD_count, 415,             0
FU_REJECTED_OP_FCMOV_SIMD_total_count, 415,             0

FU_REJECTED_OP_GATHER_SIMD_count, 415,             0
FU_REJECTED_OP_GATHER_SIMD_total_count, 415,             0

FU_REJECTED_OP_SCATTER_SIMD_count, 415,             0
FU_REJECTED_OP_SCATTER_SIMD_total_count, 415,             0

FU_REJECTED_OP_PIPELINED_FAST_SIMD_count, 415,             0
FU_REJECTED_OP_PIPELINED_FAST_SIMD_total_count, 415,             0

FU_REJECTED_OP_PIPELINED_MEDIUM_SIMD_count, 415,             0
FU_REJECTED_OP_PIPELINED_MEDIUM_SIMD_total_count, 415,             0

FU_REJECTED_OP_PIPELINED_SLOW_SIMD_count, 415,             0
FU_REJECTED_OP_PIPELINED_SLOW_SIMD_total_count, 415,             0

FU_REJECTED_OP_NOTPIPELINED_MEDIUM_SIMD_count, 415,             0
FU_REJECTED_OP_NOTPIPELINED_MEDIUM_SIMD_total_count, 415,             0

FU_REJECTED_OP_NOTPIPELINED_SLOW_SIMD_count, 415,             0
FU_REJECTED_OP_NOTPIPELINED_SLOW_SIMD_total_count, 415,             0

FU_REJECTED_OP_NOTPIPELINED_VERY_SLOW_SIMD_count, 415,             0
FU_REJECTED_OP_NOTPIPELINED_VERY_SLOW_SIMD_total_count, 415,             0

LSQ_FULL_TOTAL_count, 0,          9107
LSQ_FULL_TOTAL_total_count, 0,         29277

LSQ_FULL_LOAD_QUEUE_count, 0,             0
LSQ_FULL_LOAD_QUEUE_total_count, 0,             0

LSQ_FULL_STORE_QUEUE_count, 0,          9107
LSQ_FULL_STORE_QUEUE_total_count, 0,         29277

OP_WAIT_0_count, 0,       7348922
OP_WAIT_0_total_count, 0,      22336703

OP_WAIT_1_count, 0,       3672711
OP_WAIT_1_total_count, 0,      10203393

OP_WAIT_2_count, 0,        393094
OP_WAIT_2_total_count, 0,       1142767

OP_WAIT_3_count, 0,        143672
OP_WAIT_3_total_count, 0,        444375

OP_WAIT_4_count, 0,         88930
OP_WAIT_4_total_count, 0,        280744

OP_WAIT_5_count, 0,         54592
OP_WAIT_5_total_count, 0,        162533

OP_WAIT_6_count, 0,         57792
OP_WAIT_6_total_count, 0,        170523

OP_WAIT_7_count, 0,         43406
OP_WAIT_7_total_count, 0,        128335

OP_WAIT_8_count, 0,         37311
OP_WAIT_8_total_count, 0,        118166

OP_WAIT_9_count, 0,         32119
OP_WAIT_9_total_count, 0,        102880

OP_WAIT_10_count, 0,         27211
OP_WAIT_10_total_count, 0,         86769

OP_WAIT_11_count, 0,         18951
OP_WAIT_11_total_count, 0,         58306

OP_WAIT_12_count, 0,         18857
OP_WAIT_12_total_count, 0,         57910

OP_WAIT_13_count, 0,         14253
OP_WAIT_13_total_count, 0,         42788

OP_WAIT_14_count, 0,         13015
OP_WAIT_14_total_count, 0,         41886

OP_WAIT_15_count, 0,         16242
OP_WAIT_15_total_count, 0,         50443

OP_WAIT_16_count, 0,         12332
OP_WAIT_16_total_count, 0,         38231

OP_WAIT_17_count, 0,          4078
OP_WAIT_17_total_count, 0,         11717

OP_WAIT_18_count, 0,          1466
OP_WAIT_18_total_count, 0,          4194

OP_WAIT_19_count, 0,           730
OP_WAIT_19_total_count, 0,          1250

OP_WAIT_20_count, 0,           343
OP_WAIT_20_total_count, 0,           537

OP_WAIT_21_count, 0,           228
OP_WAIT_21_total_count, 0,           498

OP_WAIT_22_count, 0,            74
OP_WAIT_22_total_count, 0,           206

OP_WAIT_23_count, 0,           149
OP_WAIT_23_total_count, 0,           491

OP_WAIT_24_count, 0,           224
OP_WAIT_24_total_count, 0,           806

OP_WAIT_25_count, 0,           103
OP_WAIT_25_total_count, 0,           399

OP_WAIT_26_count, 0,           667
OP_WAIT_26_total_count, 0,          2184

OP_WAIT_27_count, 0,           768
OP_WAIT_27_total_count, 0,          2437

OP_WAIT_28_count, 0,           824
OP_WAIT_28_total_count, 0,          2983

OP_WAIT_29_count, 0,          1356
OP_WAIT_29_total_count, 0,          4582

OP_WAIT_30_count, 0,          1336
OP_WAIT_30_total_count, 0,          4476

OP_WAIT_31_count, 0,         10464
OP_WAIT_31_total_count, 0,         42887

ROW_SIZE_0_count, 0,       2119785
ROW_SIZE_0_total_count, 0,       6356804

ROW_SIZE_1_count, 0,        392018
ROW_SIZE_1_total_count, 0,       1276195

ROW_SIZE_2_count, 0,         60318
ROW_SIZE_2_total_count, 0,        194776

ROW_SIZE_3_count, 0,         50066
ROW_SIZE_3_total_count, 0,        166791

ROW_SIZE_4_count, 0,         77861
ROW_SIZE_4_total_count, 0,        219924

ROW_SIZE_5_count, 0,         69587
ROW_SIZE_5_total_count, 0,        224808

ROW_SIZE_6_count, 0,        130204
ROW_SIZE_6_total_count, 0,        357838

ROW_SIZE_7_count, 0,        219163
ROW_SIZE_7_total_count, 0,        706077

ROW_SIZE_8_count, 0,       1047328
ROW_SIZE_8_total_count, 0,       3035872

ROW_SIZE_9_count, 0,             0
ROW_SIZE_9_total_count, 0,             0

ROW_SIZE_10_count, 0,             0
ROW_SIZE_10_total_count, 0,             0

ROW_SIZE_11_count, 0,             0
ROW_SIZE_11_total_count, 0,             0

ROW_SIZE_12_count, 0,             0
ROW_SIZE_12_total_count, 0,             0

ROW_SIZE_13_count, 0,             0
ROW_SIZE_13_total_count, 0,             0

ROW_SIZE_14_count, 0,             0
ROW_SIZE_14_total_count, 0,             0

ROW_SIZE_15_count, 0,             0
ROW_SIZE_15_total_count, 0,             0

ROW_SIZE_16_count, 0,             0
ROW_SIZE_16_total_count, 0,             0

ROW_SIZE_17_count, 0,             0
ROW_SIZE_17_total_count, 0,             0

ROW_SIZE_18_count, 0,             0
ROW_SIZE_18_total_count, 0,             0

ROW_SIZE_19_count, 0,             0
ROW_SIZE_19_total_count, 0,             0

ROW_SIZE_20_count, 0,             0
ROW_SIZE_20_total_count, 0,             0

ROW_SIZE_21_count, 0,             0
ROW_SIZE_21_total_count, 0,             0

ROW_SIZE_22_count, 0,             0
ROW_SIZE_22_total_count, 0,             0

ROW_SIZE_23_count, 0,             0
ROW_SIZE_23_total_count, 0,             0

ROW_SIZE_24_count, 0,             0
ROW_SIZE_24_total_count, 0,             0

ROW_SIZE_25_count, 0,             0
ROW_SIZE_25_total_count, 0,             0

ROW_SIZE_26_count, 0,             0
ROW_SIZE_26_total_count, 0,             0

ROW_SIZE_27_count, 0,             0
ROW_SIZE_27_total_count, 0,             0

ROW_SIZE_28_count, 0,             0
ROW_SIZE_28_total_count, 0,             0

ROW_SIZE_29_count, 0,             0
ROW_SIZE_29_total_count, 0,             0

ROW_SIZE_30_count, 0,             0
ROW_SIZE_30_total_count, 0,             0

ROW_SIZE_31_count, 0,             0
ROW_SIZE_31_total_count, 0,             0

RET_OP_EXEC_COUNT_0_count, 416,             0
RET_OP_EXEC_COUNT_0_total_count, 416,             0

RET_OP_EXEC_COUNT_1_count, 416,      12016220
RET_OP_EXEC_COUNT_1_total_count, 416,      35546399

RET_OP_EXEC_COUNT_2_count, 416,             0
RET_OP_EXEC_COUNT_2_total_count, 416,             0

RET_OP_EXEC_COUNT_3_count, 416,             0
RET_OP_EXEC_COUNT_3_total_count, 416,             0

RET_OP_EXEC_COUNT_4_count, 416,             0
RET_OP_EXEC_COUNT_4_total_count, 416,             0

RET_OP_EXEC_COUNT_5_count, 416,             0
RET_OP_EXEC_COUNT_5_total_count, 416,             0

RET_OP_EXEC_COUNT_6_count, 416,             0
RET_OP_EXEC_COUNT_6_total_count, 416,             0

RET_OP_EXEC_COUNT_7_count, 416,             0
RET_OP_EXEC_COUNT_7_total_count, 416,             0

RET_OP_EXEC_COUNT_8_count, 416,             0
RET_OP_EXEC_COUNT_8_total_count, 416,             0

RET_OP_EXEC_COUNT_9_count, 416,             0
RET_OP_EXEC_COUNT_9_total_count, 416,             0

RET_OP_EXEC_COUNT_10_count, 416,             0
RET_OP_EXEC_COUNT_10_total_count, 416,             0

RET_OP_EXEC_COUNT_11_count, 416,             0
RET_OP_EXEC_COUNT_11_total_count, 416,             0

RET_OP_EXEC_COUNT_12_count, 416,             0
RET_OP_EXEC_COUNT_12_total_count, 416,             0

RET_OP_EXEC_COUNT_13_count, 416,             0
RET_OP_EXEC_COUNT_13_total_count, 416,             0

RET_OP_EXEC_COUNT_14_count, 416,             0
RET_OP_EXEC_COUNT_14_total_count, 416,             0

RET_OP_EXEC_COUNT_15_count, 416,             0
RET_OP_EXEC_COUNT_15_total_count, 416,             0

RET_OP_EXEC_COUNT_16_count, 416,             0
RET_OP_EXEC_COUNT_16_total_count, 416,             0

RET_OP_EXEC_COUNT_17_count, 416,             0
RET_OP_EXEC_COUNT_17_total_count, 416,             0

RET_OP_EXEC_COUNT_18_count, 416,             0
RET_OP_EXEC_COUNT_18_total_count, 416,             0

RET_OP_EXEC_COUNT_19_count, 416,             0
RET_OP_EXEC_COUNT_19_total_count, 416,             0

RET_OP_EXEC_COUNT_20_count, 416,             0
RET_OP_EXEC_COUNT_20_total_count, 416,             0

RET_OP_EXEC_COUNT_21_count, 416,             0
RET_OP_EXEC_COUNT_21_total_count, 416,             0

RET_OP_EXEC_COUNT_22_count, 416,             0
RET_OP_EXEC_COUNT_22_total_count, 416,             0

RET_OP_EXEC_COUNT_23_count, 416,             0
RET_OP_EXEC_COUNT_23_total_count, 416,             0

RET_OP_EXEC_COUNT_24_count, 416,             0
RET_OP_EXEC_COUNT_24_total_count, 416,             0

RET_OP_EXEC_COUNT_25_count, 416,             0
RET_OP_EXEC_COUNT_25_total_count, 416,             0

RET_OP_EXEC_COUNT_26_count, 416,             0
RET_OP_EXEC_COUNT_26_total_count, 416,             0

RET_OP_EXEC_COUNT_27_count, 416,             0
RET_OP_EXEC_COUNT_27_total_count, 416,             0

RET_OP_EXEC_COUNT_28_count, 416,             0
RET_OP_EXEC_COUNT_28_total_count, 416,             0

RET_OP_EXEC_COUNT_29_count, 416,             0
RET_OP_EXEC_COUNT_29_total_count, 416,             0

RET_OP_EXEC_COUNT_30_count, 416,             0
RET_OP_EXEC_COUNT_30_total_count, 416,             0

RET_OP_EXEC_COUNT_31_count, 416,             0
RET_OP_EXEC_COUNT_31_total_count, 416,             0

RET_OP_EXEC_COUNT_32_count, 416,             0
RET_OP_EXEC_COUNT_32_total_count, 416,             0

RET_STALL_LENGTH_0_count, 417,      12015994
RET_STALL_LENGTH_0_total_count, 417,      35545448

RET_STALL_LENGTH_100_count, 417,           155
RET_STALL_LENGTH_100_total_count, 417,           667

RET_STALL_LENGTH_200_count, 417,            38
RET_STALL_LENGTH_200_total_count, 417,           201

RET_STALL_LENGTH_300_count, 417,             2
RET_STALL_LENGTH_300_total_count, 417,            21

RET_STALL_LENGTH_400_count, 417,             3
RET_STALL_LENGTH_400_total_count, 417,             7

RET_STALL_LENGTH_500_count, 417,             1
RET_STALL_LENGTH_500_total_count, 417,            10

RET_STALL_LENGTH_600_count, 417,             4
RET_STALL_LENGTH_600_total_count, 417,             9

RET_STALL_LENGTH_700_count, 417,            20
RET_STALL_LENGTH_700_total_count, 417,            23

RET_STALL_LENGTH_800_count, 417,             1
RET_STALL_LENGTH_800_total_count, 417,             1

RET_STALL_LENGTH_900_count, 417,             0
RET_STALL_LENGTH_900_total_count, 417,             1

RET_STALL_LENGTH_1000_count, 417,             0
RET_STALL_LENGTH_1000_total_count, 417,             0

RET_STALL_LENGTH_1100_count, 417,             1
RET_STALL_LENGTH_1100_total_count, 417,             3

RET_STALL_LENGTH_1200_count, 417,             0
RET_STALL_LENGTH_1200_total_count, 417,             4

RET_STALL_LENGTH_1300_count, 417,             1
RET_STALL_LENGTH_1300_total_count, 417,             2

RET_STALL_LENGTH_1400_count, 417,             0
RET_STALL_LENGTH_1400_total_count, 417,             0

RET_STALL_LENGTH_1500_count, 417,             0
RET_STALL_LENGTH_1500_total_count, 417,             1

RET_STALL_LENGTH_1600_count, 417,             0
RET_STALL_LENGTH_1600_total_count, 417,             1

RET_STALL_LENGTH_1700_count, 417,             0
RET_STALL_LENGTH_1700_total_count, 417,             0

RET_STALL_LENGTH_1800_count, 417,             0
RET_STALL_LENGTH_1800_total_count, 417,             0

RET_STALL_LENGTH_1900_count, 417,             0
RET_STALL_LENGTH_1900_total_count, 417,             0

RET_STALL_LENGTH_2000_count, 417,             0
RET_STALL_LENGTH_2000_total_count, 417,             0

RET_STALL_LENGTH_2100_count, 417,             0
RET_STALL_LENGTH_2100_total_count, 417,             0

RET_STALL_LENGTH_2200_count, 417,             0
RET_STALL_LENGTH_2200_total_count, 417,             0

RET_STALL_LENGTH_2300_count, 417,             0
RET_STALL_LENGTH_2300_total_count, 417,             0

RET_STALL_LENGTH_2400_count, 417,             0
RET_STALL_LENGTH_2400_total_count, 417,             0

RET_STALL_LENGTH_2500_count, 417,             0
RET_STALL_LENGTH_2500_total_count, 417,             0

RET_STALL_LENGTH_2600_count, 417,             0
RET_STALL_LENGTH_2600_total_count, 417,             0

RET_STALL_LENGTH_2700_count, 417,             0
RET_STALL_LENGTH_2700_total_count, 417,             0

RET_STALL_LENGTH_2800_count, 417,             0
RET_STALL_LENGTH_2800_total_count, 417,             0

RET_STALL_LENGTH_2900_count, 417,             0
RET_STALL_LENGTH_2900_total_count, 417,             0

RET_STALL_LENGTH_3000_count, 417,             0
RET_STALL_LENGTH_3000_total_count, 417,             0

RET_STALL_LENGTH_3100_count, 417,             0
RET_STALL_LENGTH_3100_total_count, 417,             0

RET_STALL_LENGTH_3200_count, 417,             0
RET_STALL_LENGTH_3200_total_count, 417,             0

RET_STALL_LENGTH_3300_count, 417,             0
RET_STALL_LENGTH_3300_total_count, 417,             0

RET_STALL_LENGTH_3400_count, 417,             0
RET_STALL_LENGTH_3400_total_count, 417,             0

RET_STALL_LENGTH_3500_count, 417,             0
RET_STALL_LENGTH_3500_total_count, 417,             0

RET_STALL_LENGTH_3600_count, 417,             0
RET_STALL_LENGTH_3600_total_count, 417,             0

RET_STALL_LENGTH_3700_count, 417,             0
RET_STALL_LENGTH_3700_total_count, 417,             0

RET_STALL_LENGTH_3800_count, 417,             0
RET_STALL_LENGTH_3800_total_count, 417,             0

RET_STALL_LENGTH_3900_count, 417,             0
RET_STALL_LENGTH_3900_total_count, 417,             0

RET_STALL_LENGTH_4000_count, 417,             0
RET_STALL_LENGTH_4000_total_count, 417,             0

RET_STALL_LENGTH_4100_count, 417,             0
RET_STALL_LENGTH_4100_total_count, 417,             0

RET_STALL_LENGTH_4200_count, 417,             0
RET_STALL_LENGTH_4200_total_count, 417,             0

RET_STALL_LENGTH_4300_count, 417,             0
RET_STALL_LENGTH_4300_total_count, 417,             0

RET_STALL_LENGTH_4400_count, 417,             0
RET_STALL_LENGTH_4400_total_count, 417,             0

RET_STALL_LENGTH_4500_count, 417,             0
RET_STALL_LENGTH_4500_total_count, 417,             0

RET_STALL_LENGTH_4600_count, 417,             0
RET_STALL_LENGTH_4600_total_count, 417,             0

RET_STALL_LENGTH_4700_count, 417,             0
RET_STALL_LENGTH_4700_total_count, 417,             0

RET_STALL_LENGTH_4800_count, 417,             0
RET_STALL_LENGTH_4800_total_count, 417,             0

RET_STALL_LENGTH_4900_count, 417,             0
RET_STALL_LENGTH_4900_total_count, 417,             0

RET_STALL_LENGTH_5000_count, 417,             0
RET_STALL_LENGTH_5000_total_count, 417,             0

MEM_BLOCK_LENGTH_0_count, 418,            24
MEM_BLOCK_LENGTH_0_total_count, 418,            52

MEM_BLOCK_LENGTH_100_count, 418,             0
MEM_BLOCK_LENGTH_100_total_count, 418,             2

MEM_BLOCK_LENGTH_200_count, 418,             0
MEM_BLOCK_LENGTH_200_total_count, 418,             0

MEM_BLOCK_LENGTH_300_count, 418,             0
MEM_BLOCK_LENGTH_300_total_count, 418,             0

MEM_BLOCK_LENGTH_400_count, 418,             0
MEM_BLOCK_LENGTH_400_total_count, 418,             0

MEM_BLOCK_LENGTH_500_count, 418,             0
MEM_BLOCK_LENGTH_500_total_count, 418,             0

MEM_BLOCK_LENGTH_600_count, 418,             0
MEM_BLOCK_LENGTH_600_total_count, 418,             0

MEM_BLOCK_LENGTH_700_count, 418,             0
MEM_BLOCK_LENGTH_700_total_count, 418,             0

MEM_BLOCK_LENGTH_800_count, 418,             0
MEM_BLOCK_LENGTH_800_total_count, 418,             0

MEM_BLOCK_LENGTH_900_count, 418,             0
MEM_BLOCK_LENGTH_900_total_count, 418,             0

MEM_BLOCK_LENGTH_1000_count, 418,             0
MEM_BLOCK_LENGTH_1000_total_count, 418,             0

MEM_BLOCK_LENGTH_1100_count, 418,             0
MEM_BLOCK_LENGTH_1100_total_count, 418,             0

MEM_BLOCK_LENGTH_1200_count, 418,             0
MEM_BLOCK_LENGTH_1200_total_count, 418,             0

MEM_BLOCK_LENGTH_1300_count, 418,             0
MEM_BLOCK_LENGTH_1300_total_count, 418,             0

MEM_BLOCK_LENGTH_1400_count, 418,             0
MEM_BLOCK_LENGTH_1400_total_count, 418,             0

MEM_BLOCK_LENGTH_1500_count, 418,             0
MEM_BLOCK_LENGTH_1500_total_count, 418,             0

MEM_BLOCK_LENGTH_1600_count, 418,             0
MEM_BLOCK_LENGTH_1600_total_count, 418,             0

MEM_BLOCK_LENGTH_1700_count, 418,             0
MEM_BLOCK_LENGTH_1700_total_count, 418,             0

MEM_BLOCK_LENGTH_1800_count, 418,             0
MEM_BLOCK_LENGTH_1800_total_count, 418,             0

MEM_BLOCK_LENGTH_1900_count, 418,             0
MEM_BLOCK_LENGTH_1900_total_count, 418,             0

MEM_BLOCK_LENGTH_2000_count, 418,             0
MEM_BLOCK_LENGTH_2000_total_count, 418,             0

MEM_BLOCK_LENGTH_2100_count, 418,             0
MEM_BLOCK_LENGTH_2100_total_count, 418,             0

MEM_BLOCK_LENGTH_2200_count, 418,             0
MEM_BLOCK_LENGTH_2200_total_count, 418,             0

MEM_BLOCK_LENGTH_2300_count, 418,             0
MEM_BLOCK_LENGTH_2300_total_count, 418,             0

MEM_BLOCK_LENGTH_2400_count, 418,             0
MEM_BLOCK_LENGTH_2400_total_count, 418,             0

MEM_BLOCK_LENGTH_2500_count, 418,             0
MEM_BLOCK_LENGTH_2500_total_count, 418,             0

MEM_BLOCK_LENGTH_2600_count, 418,             0
MEM_BLOCK_LENGTH_2600_total_count, 418,             0

MEM_BLOCK_LENGTH_2700_count, 418,             0
MEM_BLOCK_LENGTH_2700_total_count, 418,             0

MEM_BLOCK_LENGTH_2800_count, 418,             0
MEM_BLOCK_LENGTH_2800_total_count, 418,             0

MEM_BLOCK_LENGTH_2900_count, 418,             0
MEM_BLOCK_LENGTH_2900_total_count, 418,             0

MEM_BLOCK_LENGTH_3000_count, 418,             0
MEM_BLOCK_LENGTH_3000_total_count, 418,             0

MEM_BLOCK_LENGTH_3100_count, 418,             0
MEM_BLOCK_LENGTH_3100_total_count, 418,             0

MEM_BLOCK_LENGTH_3200_count, 418,             0
MEM_BLOCK_LENGTH_3200_total_count, 418,             0

MEM_BLOCK_LENGTH_3300_count, 418,             0
MEM_BLOCK_LENGTH_3300_total_count, 418,             0

MEM_BLOCK_LENGTH_3400_count, 418,             0
MEM_BLOCK_LENGTH_3400_total_count, 418,             0

MEM_BLOCK_LENGTH_3500_count, 418,             0
MEM_BLOCK_LENGTH_3500_total_count, 418,             0

MEM_BLOCK_LENGTH_3600_count, 418,             0
MEM_BLOCK_LENGTH_3600_total_count, 418,             0

MEM_BLOCK_LENGTH_3700_count, 418,             0
MEM_BLOCK_LENGTH_3700_total_count, 418,             0

MEM_BLOCK_LENGTH_3800_count, 418,             0
MEM_BLOCK_LENGTH_3800_total_count, 418,             0

MEM_BLOCK_LENGTH_3900_count, 418,             0
MEM_BLOCK_LENGTH_3900_total_count, 418,             0

MEM_BLOCK_LENGTH_4000_count, 418,             0
MEM_BLOCK_LENGTH_4000_total_count, 418,             0

MEM_BLOCK_LENGTH_4100_count, 418,             0
MEM_BLOCK_LENGTH_4100_total_count, 418,             0

MEM_BLOCK_LENGTH_4200_count, 418,             0
MEM_BLOCK_LENGTH_4200_total_count, 418,             0

MEM_BLOCK_LENGTH_4300_count, 418,             0
MEM_BLOCK_LENGTH_4300_total_count, 418,             0

MEM_BLOCK_LENGTH_4400_count, 418,             0
MEM_BLOCK_LENGTH_4400_total_count, 418,             0

MEM_BLOCK_LENGTH_4500_count, 418,             0
MEM_BLOCK_LENGTH_4500_total_count, 418,             0

MEM_BLOCK_LENGTH_4600_count, 418,             0
MEM_BLOCK_LENGTH_4600_total_count, 418,             0

MEM_BLOCK_LENGTH_4700_count, 418,             0
MEM_BLOCK_LENGTH_4700_total_count, 418,             0

MEM_BLOCK_LENGTH_4800_count, 418,             0
MEM_BLOCK_LENGTH_4800_total_count, 418,             0

MEM_BLOCK_LENGTH_4900_count, 418,             0
MEM_BLOCK_LENGTH_4900_total_count, 418,             0

MEM_BLOCK_LENGTH_5000_count, 418,             0
MEM_BLOCK_LENGTH_5000_total_count, 418,             0

FUS_BUSY_ON_PATH_count, 0,      12309452
FUS_BUSY_ON_PATH_pct, 0,        2.929
FUS_BUSY_ON_PATH_total_count, 0,      36523218
FUS_BUSY_ON_PATH_total_pct, 0,        2.874

FUS_BUSY_OFF_PATH_count, 0,        101912
FUS_BUSY_OFF_PATH_pct, 0,        0.024
FUS_BUSY_OFF_PATH_total_count, 0,        351931
FUS_BUSY_OFF_PATH_total_pct, 0,        0.028

FU_BUSY_MEM_STALL_count, 0,        297262
FU_BUSY_MEM_STALL_pct, 0,        0.071
FU_BUSY_MEM_STALL_total_count, 0,        989572
FU_BUSY_MEM_STALL_total_pct, 0,        0.078

FUS_EMPTY_count, 0,      29620596
FUS_EMPTY_pct, 0,        7.047
FUS_EMPTY_total_count, 0,      90204961
FUS_EMPTY_total_pct, 0,        7.098

FU_UNAVAILABLE_count, 0,           183
FU_UNAVAILABLE_pct, 0,        0.000
FU_UNAVAILABLE_total_count, 0,           637
FU_UNAVAILABLE_total_pct, 0,        0.000

FU_MEM_UNAVAILABLE_count, 0,        162257
FU_MEM_UNAVAILABLE_pct, 0,        0.039
FU_MEM_UNAVAILABLE_total_count, 0,        534670
FU_MEM_UNAVAILABLE_total_pct, 0,        0.042

FU_OTHER_UNAVAILABLE_count, 0,             0
FU_OTHER_UNAVAILABLE_pct, 0,        0.000
FU_OTHER_UNAVAILABLE_total_count, 0,             0
FU_OTHER_UNAVAILABLE_total_pct, 0,        0.000

FU_REPLAY_count, 0,             0
FU_REPLAY_pct, 0,        0.000
FU_REPLAY_total_count, 0,             0
FU_REPLAY_total_pct, 0,        0.000

FU_STARVED_count, 0,      29615940
FU_STARVED_pct, 0,        7.046
FU_STARVED_total_count, 0,      90187084
FU_STARVED_total_pct, 0,        7.097

CHIP_UTILIZATION_count, 0,             0
CHIP_UTILIZATION_pct, 0,        0.000
CHIP_UTILIZATION_total_count, 0,             0
CHIP_UTILIZATION_total_pct, 0,        0.000

CYCLES_UNDER_MEM_REQ_count, 0,             0
CYCLES_UNDER_MEM_REQ_total_count, 0,             0

CYCLES_UNDER_NO_MEM_REQ_count, 0,             0
CYCLES_UNDER_NO_MEM_REQ_total_count, 0,             0

CYCLES_UNDER_CRITICAL_MEM_REQ_count, 0,             0
CYCLES_UNDER_CRITICAL_MEM_REQ_total_count, 0,             0

CYCLES_UNDER_NONCRITICAL_MEM_REQ_count, 0,             0
CYCLES_UNDER_NONCRITICAL_MEM_REQ_total_count, 0,             0

CHIP_UTILIZATION_UNDER_MEM_REQ_count, 0,             0
CHIP_UTILIZATION_UNDER_MEM_REQ_pct, 0,         -nan
CHIP_UTILIZATION_UNDER_MEM_REQ_total_count, 0,             0
CHIP_UTILIZATION_UNDER_MEM_REQ_total_pct, 0,         -nan

CHIP_UTILIZATION_UNDER_NO_MEM_REQ_count, 0,             0
CHIP_UTILIZATION_UNDER_NO_MEM_REQ_pct, 0,         -nan
CHIP_UTILIZATION_UNDER_NO_MEM_REQ_total_count, 0,             0
CHIP_UTILIZATION_UNDER_NO_MEM_REQ_total_pct, 0,         -nan

CHIP_UTILIZATION_UNDER_CRITICAL_MEM_REQ_count, 0,             0
CHIP_UTILIZATION_UNDER_CRITICAL_MEM_REQ_pct, 0,         -nan
CHIP_UTILIZATION_UNDER_CRITICAL_MEM_REQ_total_count, 0,             0
CHIP_UTILIZATION_UNDER_CRITICAL_MEM_REQ_total_pct, 0,         -nan

CHIP_UTILIZATION_UNDER_NONCRITICAL_MEM_REQ_count, 0,             0
CHIP_UTILIZATION_UNDER_NONCRITICAL_MEM_REQ_pct, 0,         -nan
CHIP_UTILIZATION_UNDER_NONCRITICAL_MEM_REQ_total_count, 0,             0
CHIP_UTILIZATION_UNDER_NONCRITICAL_MEM_REQ_total_pct, 0,         -nan

CYCLES_NOT_WAITING_FOR_OFF_CHIP_count, 0,             0
CYCLES_NOT_WAITING_FOR_OFF_CHIP_pct, 0,        0.000
CYCLES_NOT_WAITING_FOR_OFF_CHIP_total_count, 0,             0
CYCLES_NOT_WAITING_FOR_OFF_CHIP_total_pct, 0,        0.000

FUS_BUSY_NOT_WAITING_FOR_OFF_CHIP_count, 0,             0
FUS_BUSY_NOT_WAITING_FOR_OFF_CHIP_pct, 0,         -nan
FUS_BUSY_NOT_WAITING_FOR_OFF_CHIP_total_count, 0,             0
FUS_BUSY_NOT_WAITING_FOR_OFF_CHIP_total_pct, 0,         -nan

CYCLES_WAITING_FOR_OFF_CHIP_count, 0,             0
CYCLES_WAITING_FOR_OFF_CHIP_pct, 0,        0.000
CYCLES_WAITING_FOR_OFF_CHIP_total_count, 0,             0
CYCLES_WAITING_FOR_OFF_CHIP_total_pct, 0,        0.000

FUS_BUSY_WAITING_FOR_OFF_CHIP_count, 0,             0
FUS_BUSY_WAITING_FOR_OFF_CHIP_pct, 0,         -nan
FUS_BUSY_WAITING_FOR_OFF_CHIP_total_count, 0,             0
FUS_BUSY_WAITING_FOR_OFF_CHIP_total_pct, 0,         -nan

TOTAL_OFF_CHIP_DELAYS_LEFT_count, 0,             0
TOTAL_OFF_CHIP_DELAYS_LEFT_total_count, 0,             0

WRONG_IO_SCHED_count, 0,             0
WRONG_IO_SCHED_total_count, 0,             0

DVFS_CONFIG_SWITCH_count, 0,             0
DVFS_CONFIG_SWITCH_total_count, 0,             0

MAP_STAGE_RECEIVED_OPS_0_count, 419,             0
MAP_STAGE_RECEIVED_OPS_0_total_count, 419,             0

MAP_STAGE_RECEIVED_OPS_1_count, 419,         72809
MAP_STAGE_RECEIVED_OPS_1_total_count, 419,        227086

MAP_STAGE_RECEIVED_OPS_2_count, 419,          2526
MAP_STAGE_RECEIVED_OPS_2_total_count, 419,          8347

MAP_STAGE_RECEIVED_OPS_3_count, 419,         39104
MAP_STAGE_RECEIVED_OPS_3_total_count, 419,        121311

MAP_STAGE_RECEIVED_OPS_4_count, 419,          3539
MAP_STAGE_RECEIVED_OPS_4_total_count, 419,         12053

MAP_STAGE_RECEIVED_OPS_5_count, 419,        111747
MAP_STAGE_RECEIVED_OPS_5_total_count, 419,        346377

MAP_STAGE_RECEIVED_OPS_6_count, 419,       1873993
MAP_STAGE_RECEIVED_OPS_6_total_count, 419,       5523868

MAP_STAGE_RECEIVED_OPS_7_count, 419,             0
MAP_STAGE_RECEIVED_OPS_7_total_count, 419,             0

MAP_STAGE_RECEIVED_OPS_8_count, 419,             0
MAP_STAGE_RECEIVED_OPS_8_total_count, 419,             0

MAP_STAGE_RECEIVED_OPS_MAX_count, 419,             0
MAP_STAGE_RECEIVED_OPS_MAX_total_count, 419,             0

MAP_STAGE_WAIT_FOR_DECODE_count, 420,             0
MAP_STAGE_WAIT_FOR_DECODE_total_count, 420,             0

MAP_STAGE_CONSUME_DECODE_count, 420,             0
MAP_STAGE_CONSUME_DECODE_total_count, 420,             0

MAP_STAGE_WAIT_FOR_DECODE2_count, 421,             0
MAP_STAGE_WAIT_FOR_DECODE2_total_count, 421,             0

MAP_STAGE_CONSUME_DECODE2_count, 421,             0
MAP_STAGE_CONSUME_DECODE2_total_count, 421,             0

FTQ_RECOVER_EXEC_count, 0,          2238
FTQ_RECOVER_EXEC_total_count, 0,          8309

FTQ_RECOVER_DECODE_count, 0,           253
FTQ_RECOVER_DECODE_total_count, 0,          1531

FTQ_OFFPATH_CYCLES_count, 0,        470956
FTQ_OFFPATH_CYCLES_total_count, 0,       1691628

FTQ_CYCLES_OFFPATH_count, 0,        470956
FTQ_CYCLES_OFFPATH_total_count, 0,       1691628

FTQ_CYCLES_ONPATH_count, 0,       3732240
FTQ_CYCLES_ONPATH_total_count, 0,      11016383

FTQ_FETCHED_INS_ONPATH_count, 0,      12015752
FTQ_FETCHED_INS_ONPATH_total_count, 0,      35546399

FTQ_FETCHED_INS_OFFPATH_count, 0,       2202629
FTQ_FETCHED_INS_OFFPATH_total_count, 0,       7943940

FTQ_BREAK_FULL_FT_ONPATH_count, 0,       3615485
FTQ_BREAK_FULL_FT_ONPATH_total_count, 0,      10612960

FTQ_BREAK_FULL_FT_OFFPATH_count, 0,        312647
FTQ_BREAK_FULL_FT_OFFPATH_total_count, 0,       1133794

FTQ_BREAK_PRED_BR_ONPATH_count, 0,             0
FTQ_BREAK_PRED_BR_ONPATH_total_count, 0,             0

FTQ_BREAK_PRED_BR_OFFPATH_count, 0,             0
FTQ_BREAK_PRED_BR_OFFPATH_total_count, 0,             0

FTQ_BREAK_BAR_FETCH_ONPATH_count, 0,             0
FTQ_BREAK_BAR_FETCH_ONPATH_total_count, 0,             0

FTQ_BREAK_BAR_FETCH_OFFPATH_count, 0,             0
FTQ_BREAK_BAR_FETCH_OFFPATH_total_count, 0,             0

FTQ_BREAK_MAX_CFS_TAKEN_ONPATH_count, 0,             0
FTQ_BREAK_MAX_CFS_TAKEN_ONPATH_total_count, 0,             0

FTQ_BREAK_MAX_CFS_TAKEN_OFFPATH_count, 0,             0
FTQ_BREAK_MAX_CFS_TAKEN_OFFPATH_total_count, 0,             0

FTQ_BREAK_MAX_FT_ONPATH_count, 0,        116595
FTQ_BREAK_MAX_FT_ONPATH_total_count, 0,        403263

FTQ_BREAK_MAX_FT_OFFPATH_count, 0,        158309
FTQ_BREAK_MAX_FT_OFFPATH_total_count, 0,        557834

DFE_GEN_ON_PATH_FT_count, 0,       1853719
DFE_GEN_ON_PATH_FT_total_count, 0,       5232371

DFE_GEN_OFF_PATH_FT_count, 0,        198295
DFE_GEN_OFF_PATH_FT_total_count, 0,        688600

DFE_L0_ENABLED_PREDICTIONS_count, 0,      12015752
DFE_L0_ENABLED_PREDICTIONS_total_count, 0,      35546399

DFE_L0_WRONG_MAIN_CORRECT_count, 0,         58737
DFE_L0_WRONG_MAIN_CORRECT_total_count, 0,        191043

DFE_L0_WRONG_MAIN_WRONG_count, 0,          2400
DFE_L0_WRONG_MAIN_WRONG_total_count, 0,          9304

DFE_L0_CORRECT_MAIN_WRONG_count, 0,            91
DFE_L0_CORRECT_MAIN_WRONG_total_count, 0,           536

DFE_L0_CORRECT_MAIN_CORRECT_count, 0,      11954524
DFE_L0_CORRECT_MAIN_CORRECT_total_count, 0,      35345516

DFE_L0_WRONG_MAIN_CORRECT_RECOVERY_SCHEDULED_count, 0,             0
DFE_L0_WRONG_MAIN_CORRECT_RECOVERY_SCHEDULED_total_count, 0,             0

FTQ_SAW_BAR_FETCH_OFFPATH_count, 0,             0
FTQ_SAW_BAR_FETCH_OFFPATH_total_count, 0,             0

FTQ_SAW_BAR_FETCH_ONPATH_count, 0,             0
FTQ_SAW_BAR_FETCH_ONPATH_total_count, 0,             0

DFE_CONF_0_RECOVER_AT_EXEC_count, 422,             0
DFE_CONF_0_RECOVER_AT_EXEC_total_count, 422,             0

DFE_CONF_1_RECOVER_AT_EXEC_count, 422,             0
DFE_CONF_1_RECOVER_AT_EXEC_total_count, 422,             0

DFE_CONF_2_RECOVER_AT_EXEC_count, 422,             0
DFE_CONF_2_RECOVER_AT_EXEC_total_count, 422,             0

DFE_CONF_3_RECOVER_AT_EXEC_count, 422,             0
DFE_CONF_3_RECOVER_AT_EXEC_total_count, 422,             0

DFE_CONF_0_CORRECT_count, 422,             0
DFE_CONF_0_CORRECT_total_count, 422,             0

DFE_CONF_1_CORRECT_count, 422,             0
DFE_CONF_1_CORRECT_total_count, 422,             0

DFE_CONF_2_CORRECT_count, 422,             0
DFE_CONF_2_CORRECT_total_count, 422,             0

DFE_CONF_3_CORRECT_count, 422,             0
DFE_CONF_3_CORRECT_total_count, 422,             0

DFE_ON_CONF_ON_OPS_count, 423,             0
DFE_ON_CONF_ON_OPS_total_count, 423,             0

DFE_ON_CONF_OFF_OPS_count, 423,             0
DFE_ON_CONF_OFF_OPS_total_count, 423,             0

DFE_OFF_CONF_ON_OPS_count, 423,             0
DFE_OFF_CONF_ON_OPS_total_count, 423,             0

DFE_OFF_CONF_OFF_REALISTIC_OPS_count, 423,             0
DFE_OFF_CONF_OFF_REALISTIC_OPS_total_count, 423,             0

DFE_OFF_CONF_OFF_PERFECT_OPS_count, 423,             0
DFE_OFF_CONF_OFF_PERFECT_OPS_total_count, 423,             0

DFE_ON_CONF_ON_FETCH_TARGETS_count, 424,             0
DFE_ON_CONF_ON_FETCH_TARGETS_total_count, 424,             0

DFE_ON_CONF_OFF_FETCH_TARGETS_count, 424,             0
DFE_ON_CONF_OFF_FETCH_TARGETS_total_count, 424,             0

DFE_OFF_CONF_ON_FETCH_TARGETS_count, 424,             0
DFE_OFF_CONF_ON_FETCH_TARGETS_total_count, 424,             0

DFE_OFF_CONF_OFF_REALISTIC_FETCH_TARGETS_count, 424,             0
DFE_OFF_CONF_OFF_REALISTIC_FETCH_TARGETS_total_count, 424,             0

DFE_OFF_CONF_OFF_PERFECT_FETCH_TARGETS_count, 424,             0
DFE_OFF_CONF_OFF_PERFECT_FETCH_TARGETS_total_count, 424,             0

DFE_ON_CONF_ON_CYCLES_count, 425,             0
DFE_ON_CONF_ON_CYCLES_total_count, 425,             0

DFE_ON_CONF_OFF_CYCLES_count, 425,             0
DFE_ON_CONF_OFF_CYCLES_total_count, 425,             0

DFE_OFF_CONF_ON_CYCLES_count, 425,             0
DFE_OFF_CONF_ON_CYCLES_total_count, 425,             0

DFE_OFF_CONF_OFF_REALISTIC_CYCLES_count, 425,             0
DFE_OFF_CONF_OFF_REALISTIC_CYCLES_total_count, 425,             0

DFE_OFF_CONF_OFF_PERFECT_CYCLES_count, 425,             0
DFE_OFF_CONF_OFF_PERFECT_CYCLES_total_count, 425,             0

DFE_OFF_CONF_ON_NUM_EVENTS_count, 0,             0
DFE_OFF_CONF_ON_NUM_EVENTS_total_count, 0,             0

DFE_OFF_CONF_ON_NOT_IDENTIFIED_EVENTS_count, 426,             0
DFE_OFF_CONF_ON_NOT_IDENTIFIED_EVENTS_total_count, 426,             0

DFE_OFF_CONF_ON_IBTB_MISS_EVENTS_count, 426,             0
DFE_OFF_CONF_ON_IBTB_MISS_EVENTS_total_count, 426,             0

DFE_OFF_CONF_ON_BTB_MISS_EVENTS_count, 426,             0
DFE_OFF_CONF_ON_BTB_MISS_EVENTS_total_count, 426,             0

DFE_OFF_CONF_ON_BTB_MISS_RECOVER_AT_EXEC_EVENTS_count, 426,             0
DFE_OFF_CONF_ON_BTB_MISS_RECOVER_AT_EXEC_EVENTS_total_count, 426,             0

DFE_OFF_CONF_ON_RECOVER_AT_EXEC_EVENTS_count, 426,             0
DFE_OFF_CONF_ON_RECOVER_AT_EXEC_EVENTS_total_count, 426,             0

DFE_OFF_CONF_ON_RECOVER_AT_DECODE_EVENTS_count, 426,             0
DFE_OFF_CONF_ON_RECOVER_AT_DECODE_EVENTS_total_count, 426,             0

DFE_OFF_CONF_ON_LATE_BTB_HIT_EVENTS_count, 0,             0
DFE_OFF_CONF_ON_LATE_BTB_HIT_EVENTS_total_count, 0,             0

DFE_OFF_CONF_ON_NOT_IDENTIFIED_CYCLES_count, 427,             0
DFE_OFF_CONF_ON_NOT_IDENTIFIED_CYCLES_total_count, 427,             0

DFE_OFF_CONF_ON_IBTB_MISS_CYCLES_count, 427,             0
DFE_OFF_CONF_ON_IBTB_MISS_CYCLES_total_count, 427,             0

DFE_OFF_CONF_ON_BTB_MISS_CYCLES_count, 427,             0
DFE_OFF_CONF_ON_BTB_MISS_CYCLES_total_count, 427,             0

DFE_OFF_CONF_ON_BTB_MISS_RECOVER_AT_EXEC_CYCLES_count, 427,             0
DFE_OFF_CONF_ON_BTB_MISS_RECOVER_AT_EXEC_CYCLES_total_count, 427,             0

DFE_OFF_CONF_ON_RECOVER_AT_EXEC_CYCLES_count, 427,             0
DFE_OFF_CONF_ON_RECOVER_AT_EXEC_CYCLES_total_count, 427,             0

DFE_OFF_CONF_ON_RECOVER_AT_DECODE_CYCLES_count, 427,             0
DFE_OFF_CONF_ON_RECOVER_AT_DECODE_CYCLES_total_count, 427,             0

DFE_OFF_CONF_ON_LATE_BTB_HIT_CYCLES_count, 0,             0
DFE_OFF_CONF_ON_LATE_BTB_HIT_CYCLES_total_count, 0,             0

DFE_OFF_CONF_ON_NOT_IDENTIFIED_FETCH_TARGETS_count, 428,             0
DFE_OFF_CONF_ON_NOT_IDENTIFIED_FETCH_TARGETS_total_count, 428,             0

DFE_OFF_CONF_ON_IBTB_MISS_FETCH_TARGETS_count, 428,             0
DFE_OFF_CONF_ON_IBTB_MISS_FETCH_TARGETS_total_count, 428,             0

DFE_OFF_CONF_ON_BTB_MISS_FETCH_TARGETS_count, 428,             0
DFE_OFF_CONF_ON_BTB_MISS_FETCH_TARGETS_total_count, 428,             0

DFE_OFF_CONF_ON_BTB_MISS_RECOVER_AT_EXEC_FETCH_TARGETS_count, 428,             0
DFE_OFF_CONF_ON_BTB_MISS_RECOVER_AT_EXEC_FETCH_TARGETS_total_count, 428,             0

DFE_OFF_CONF_ON_RECOVER_AT_EXEC_FETCH_TARGETS_count, 428,             0
DFE_OFF_CONF_ON_RECOVER_AT_EXEC_FETCH_TARGETS_total_count, 428,             0

DFE_OFF_CONF_ON_RECOVER_AT_DECODE_FETCH_TARGETS_count, 428,             0
DFE_OFF_CONF_ON_RECOVER_AT_DECODE_FETCH_TARGETS_total_count, 428,             0

DFE_OFF_CONF_ON_LATE_BTB_HIT_FETCH_TARGETS_count, 0,             0
DFE_OFF_CONF_ON_LATE_BTB_HIT_FETCH_TARGETS_total_count, 0,             0

DFE_OFF_CONF_ON_BP_INCORRECT_0_CONF_count, 429,             0
DFE_OFF_CONF_ON_BP_INCORRECT_0_CONF_total_count, 429,             0

DFE_OFF_CONF_ON_BP_INCORRECT_1_CONF_count, 429,             0
DFE_OFF_CONF_ON_BP_INCORRECT_1_CONF_total_count, 429,             0

DFE_OFF_CONF_ON_BP_INCORRECT_2_CONF_count, 429,             0
DFE_OFF_CONF_ON_BP_INCORRECT_2_CONF_total_count, 429,             0

DFE_OFF_CONF_ON_BP_INCORRECT_3_CONF_count, 429,             0
DFE_OFF_CONF_ON_BP_INCORRECT_3_CONF_total_count, 429,             0

DFE_OFF_CONF_ON_BTB_MISS_CBR_0_CONF_count, 430,             0
DFE_OFF_CONF_ON_BTB_MISS_CBR_0_CONF_total_count, 430,             0

DFE_OFF_CONF_ON_BTB_MISS_CBR_1_CONF_count, 430,             0
DFE_OFF_CONF_ON_BTB_MISS_CBR_1_CONF_total_count, 430,             0

DFE_OFF_CONF_ON_BTB_MISS_CBR_2_CONF_count, 430,             0
DFE_OFF_CONF_ON_BTB_MISS_CBR_2_CONF_total_count, 430,             0

DFE_OFF_CONF_ON_BTB_MISS_CBR_3_CONF_count, 430,             0
DFE_OFF_CONF_ON_BTB_MISS_CBR_3_CONF_total_count, 430,             0

DFE_OFF_CONF_ON_BTB_MISS_NOT_CF_count, 431,             0
DFE_OFF_CONF_ON_BTB_MISS_NOT_CF_total_count, 431,             0

DFE_OFF_CONF_ON_BTB_MISS_CF_BR_count, 431,             0
DFE_OFF_CONF_ON_BTB_MISS_CF_BR_total_count, 431,             0

DFE_OFF_CONF_ON_BTB_MISS_CF_CBR_count, 431,             0
DFE_OFF_CONF_ON_BTB_MISS_CF_CBR_total_count, 431,             0

DFE_OFF_CONF_ON_BTB_MISS_CF_CALL_count, 431,             0
DFE_OFF_CONF_ON_BTB_MISS_CF_CALL_total_count, 431,             0

DFE_OFF_CONF_ON_BTB_MISS_CF_IBR_count, 431,             0
DFE_OFF_CONF_ON_BTB_MISS_CF_IBR_total_count, 431,             0

DFE_OFF_CONF_ON_BTB_MISS_CF_ICALL_count, 431,             0
DFE_OFF_CONF_ON_BTB_MISS_CF_ICALL_total_count, 431,             0

DFE_OFF_CONF_ON_BTB_MISS_CF_ICO_count, 431,             0
DFE_OFF_CONF_ON_BTB_MISS_CF_ICO_total_count, 431,             0

DFE_OFF_CONF_ON_BTB_MISS_CF_RET_count, 431,             0
DFE_OFF_CONF_ON_BTB_MISS_CF_RET_total_count, 431,             0

DFE_OFF_CONF_ON_BTB_MISS_CF_SYS_count, 431,             0
DFE_OFF_CONF_ON_BTB_MISS_CF_SYS_total_count, 431,             0

DFE_ON_CONF_OFF_NUM_EVENTS_count, 0,             0
DFE_ON_CONF_OFF_NUM_EVENTS_total_count, 0,             0

CONF_BTB_NUM_CYCLES_OFF_PATH_EVENT_count, 0,             0
CONF_BTB_NUM_CYCLES_OFF_PATH_EVENT_total_count, 0,             0

DFE_ON_CONF_OFF_IBTB_MISS_BP_TAKEN_count, 432,             0
DFE_ON_CONF_OFF_IBTB_MISS_BP_TAKEN_total_count, 432,             0

DFE_ON_CONF_OFF_BTB_MISS_BP_TAKEN_CONF_0_count, 432,             0
DFE_ON_CONF_OFF_BTB_MISS_BP_TAKEN_CONF_0_total_count, 432,             0

DFE_ON_CONF_OFF_BTB_MISS_BP_TAKEN_CONF_1_count, 432,             0
DFE_ON_CONF_OFF_BTB_MISS_BP_TAKEN_CONF_1_total_count, 432,             0

DFE_ON_CONF_OFF_BTB_MISS_BP_TAKEN_CONF_2_count, 432,             0
DFE_ON_CONF_OFF_BTB_MISS_BP_TAKEN_CONF_2_total_count, 432,             0

DFE_ON_CONF_OFF_BTB_MISS_BP_TAKEN_CONF_3_count, 432,             0
DFE_ON_CONF_OFF_BTB_MISS_BP_TAKEN_CONF_3_total_count, 432,             0

DFE_ON_CONF_OFF_BTB_MISS_RATE_count, 432,             0
DFE_ON_CONF_OFF_BTB_MISS_RATE_total_count, 432,             0

DFE_ON_CONF_OFF_IBTB_MISS_RATE_count, 432,             0
DFE_ON_CONF_OFF_IBTB_MISS_RATE_total_count, 432,             0

DFE_ON_CONF_OFF_RECOVER_AT_DECODE_RATE_count, 432,             0
DFE_ON_CONF_OFF_RECOVER_AT_DECODE_RATE_total_count, 432,             0

DFE_ON_CONF_OFF_RECOVER_AT_EXEC_RATE_count, 432,             0
DFE_ON_CONF_OFF_RECOVER_AT_EXEC_RATE_total_count, 432,             0

DFE_ON_CONF_OFF_INV_CONF_INC_count, 432,             0
DFE_ON_CONF_OFF_INV_CONF_INC_total_count, 432,             0

DFE_ON_CONF_OFF_PERFECT_CONF_count, 432,             0
DFE_ON_CONF_OFF_PERFECT_CONF_total_count, 432,             0

DFE_ON_CONF_OFF_IBTB_MISS_BP_TAKEN_CYCLES_count, 433,             0
DFE_ON_CONF_OFF_IBTB_MISS_BP_TAKEN_CYCLES_total_count, 433,             0

DFE_ON_CONF_OFF_BTB_MISS_BP_TAKEN_CONF_0_CYCLES_count, 433,             0
DFE_ON_CONF_OFF_BTB_MISS_BP_TAKEN_CONF_0_CYCLES_total_count, 433,             0

DFE_ON_CONF_OFF_BTB_MISS_BP_TAKEN_CONF_1_CYCLES_count, 433,             0
DFE_ON_CONF_OFF_BTB_MISS_BP_TAKEN_CONF_1_CYCLES_total_count, 433,             0

DFE_ON_CONF_OFF_BTB_MISS_BP_TAKEN_CONF_2_CYCLES_count, 433,             0
DFE_ON_CONF_OFF_BTB_MISS_BP_TAKEN_CONF_2_CYCLES_total_count, 433,             0

DFE_ON_CONF_OFF_BTB_MISS_BP_TAKEN_CONF_3_CYCLES_count, 433,             0
DFE_ON_CONF_OFF_BTB_MISS_BP_TAKEN_CONF_3_CYCLES_total_count, 433,             0

DFE_ON_CONF_OFF_BTB_MISS_RATE_CYCLES_count, 433,             0
DFE_ON_CONF_OFF_BTB_MISS_RATE_CYCLES_total_count, 433,             0

DFE_ON_CONF_OFF_IBTB_MISS_RATE_CYCLES_count, 433,             0
DFE_ON_CONF_OFF_IBTB_MISS_RATE_CYCLES_total_count, 433,             0

DFE_ON_CONF_OFF_RECOVER_AT_DECODE_RATE_CYCLES_count, 433,             0
DFE_ON_CONF_OFF_RECOVER_AT_DECODE_RATE_CYCLES_total_count, 433,             0

DFE_ON_CONF_OFF_RECOVER_AT_EXEC_RATE_CYCLES_count, 433,             0
DFE_ON_CONF_OFF_RECOVER_AT_EXEC_RATE_CYCLES_total_count, 433,             0

DFE_ON_CONF_OFF_INV_CONF_INC_CYCLES_count, 433,             0
DFE_ON_CONF_OFF_INV_CONF_INC_CYCLES_total_count, 433,             0

DFE_ON_CONF_OFF_PERFECT_CONF_CYCLES_count, 433,             0
DFE_ON_CONF_OFF_PERFECT_CONF_CYCLES_total_count, 433,             0

DFE_ON_CONF_OFF_IBTB_MISS_BP_TAKEN_FETCH_TARGETS_count, 434,             0
DFE_ON_CONF_OFF_IBTB_MISS_BP_TAKEN_FETCH_TARGETS_total_count, 434,             0

DFE_ON_CONF_OFF_BTB_MISS_BP_TAKEN_CONF_0_FETCH_TARGETS_count, 434,             0
DFE_ON_CONF_OFF_BTB_MISS_BP_TAKEN_CONF_0_FETCH_TARGETS_total_count, 434,             0

DFE_ON_CONF_OFF_BTB_MISS_BP_TAKEN_CONF_1_FETCH_TARGETS_count, 434,             0
DFE_ON_CONF_OFF_BTB_MISS_BP_TAKEN_CONF_1_FETCH_TARGETS_total_count, 434,             0

DFE_ON_CONF_OFF_BTB_MISS_BP_TAKEN_CONF_2_FETCH_TARGETS_count, 434,             0
DFE_ON_CONF_OFF_BTB_MISS_BP_TAKEN_CONF_2_FETCH_TARGETS_total_count, 434,             0

DFE_ON_CONF_OFF_BTB_MISS_BP_TAKEN_CONF_3_FETCH_TARGETS_count, 434,             0
DFE_ON_CONF_OFF_BTB_MISS_BP_TAKEN_CONF_3_FETCH_TARGETS_total_count, 434,             0

DFE_ON_CONF_OFF_BTB_MISS_RATE_FETCH_TARGETS_count, 434,             0
DFE_ON_CONF_OFF_BTB_MISS_RATE_FETCH_TARGETS_total_count, 434,             0

DFE_ON_CONF_OFF_IBTB_MISS_RATE_FETCH_TARGETS_count, 434,             0
DFE_ON_CONF_OFF_IBTB_MISS_RATE_FETCH_TARGETS_total_count, 434,             0

DFE_ON_CONF_OFF_RECOVER_AT_DECODE_RATE_FETCH_TARGETS_count, 434,             0
DFE_ON_CONF_OFF_RECOVER_AT_DECODE_RATE_FETCH_TARGETS_total_count, 434,             0

DFE_ON_CONF_OFF_RECOVER_AT_EXEC_RATE_FETCH_TARGETS_count, 434,             0
DFE_ON_CONF_OFF_RECOVER_AT_EXEC_RATE_FETCH_TARGETS_total_count, 434,             0

DFE_ON_CONF_OFF_INV_CONF_INC_FETCH_TARGETS_count, 434,             0
DFE_ON_CONF_OFF_INV_CONF_INC_FETCH_TARGETS_total_count, 434,             0

DFE_ON_CONF_OFF_PERFECT_CONF_FETCH_TARGETS_count, 434,             0
DFE_ON_CONF_OFF_PERFECT_CONF_FETCH_TARGETS_total_count, 434,             0

CONF_OFF_IBTB_MISS_BP_TAKEN_count, 435,             0
CONF_OFF_IBTB_MISS_BP_TAKEN_total_count, 435,             0

CONF_OFF_BTB_MISS_BP_TAKEN_CONF_0_count, 435,             0
CONF_OFF_BTB_MISS_BP_TAKEN_CONF_0_total_count, 435,             0

CONF_OFF_BTB_MISS_BP_TAKEN_CONF_1_count, 435,             0
CONF_OFF_BTB_MISS_BP_TAKEN_CONF_1_total_count, 435,             0

CONF_OFF_BTB_MISS_BP_TAKEN_CONF_2_count, 435,             0
CONF_OFF_BTB_MISS_BP_TAKEN_CONF_2_total_count, 435,             0

CONF_OFF_BTB_MISS_BP_TAKEN_CONF_3_count, 435,             0
CONF_OFF_BTB_MISS_BP_TAKEN_CONF_3_total_count, 435,             0

CONF_OFF_BTB_MISS_RATE_count, 435,             0
CONF_OFF_BTB_MISS_RATE_total_count, 435,             0

CONF_OFF_IBTB_MISS_RATE_count, 435,             0
CONF_OFF_IBTB_MISS_RATE_total_count, 435,             0

CONF_OFF_RECOVER_AT_DECODE_RATE_count, 435,             0
CONF_OFF_RECOVER_AT_DECODE_RATE_total_count, 435,             0

CONF_OFF_RECOVER_AT_EXEC_RATE_count, 435,             0
CONF_OFF_RECOVER_AT_EXEC_RATE_total_count, 435,             0

CONF_OFF_INV_CONF_INC_count, 435,             0
CONF_OFF_INV_CONF_INC_total_count, 435,             0

CONF_OFF_PERFECT_CONF_count, 435,             0
CONF_OFF_PERFECT_CONF_total_count, 435,             0

TOPDOWN_TOTAL_SLOTS_count, 0,      25219176
TOPDOWN_TOTAL_SLOTS_total_count, 0,      76248066

TOPDOWN_ISSUED_SLOTS_count, 0,      12262481
TOPDOWN_ISSUED_SLOTS_total_count, 0,      36398815

TOPDOWN_RETIRED_SLOTS_count, 0,      12016070
TOPDOWN_RETIRED_SLOTS_total_count, 0,      35546399

TOPDOWN_FETCH_BUBBLES_SLOTS_count, 0,        865645
TOPDOWN_FETCH_BUBBLES_SLOTS_total_count, 0,       3227631

TOPDOWN_RECOVERY_BUBBLES_SLOTS_count, 0,        126161
TOPDOWN_RECOVERY_BUBBLES_SLOTS_total_count, 0,        420609

TOPDOWN_MEM_LOAD_STALLS_CYCLES_count, 0,       1944686
TOPDOWN_MEM_LOAD_STALLS_CYCLES_total_count, 0,       5871803

TOPDOWN_MEM_STORE_STALLS_CYCLES_count, 0,          5257
TOPDOWN_MEM_STORE_STALLS_CYCLES_total_count, 0,         17194

TOPDOWN_EXEC_STALLS_CYCLES_count, 0,        894175
TOPDOWN_EXEC_STALLS_CYCLES_total_count, 0,       2615615

TOPDOWN_BACKEND_STALLS_CYCLES_count, 0,       1953763
TOPDOWN_BACKEND_STALLS_CYCLES_total_count, 0,       5901488

TOPDOWN_FETCH_BUBBLES_GT_MIW_CYCLES_count, 0,         44606
TOPDOWN_FETCH_BUBBLES_GT_MIW_CYCLES_total_count, 0,        227603

TOPDOWN_BR_RECOVER_AT_EXEC_RETIRED_CYCLES_count, 0,          2238
TOPDOWN_BR_RECOVER_AT_EXEC_RETIRED_CYCLES_total_count, 0,          8309

TOPDOWN_MACHINE_CLEAR_CYCLES_count, 0,         61228
TOPDOWN_MACHINE_CLEAR_CYCLES_total_count, 0,        200883

TOPDOWN_FRONTEND_BOUND_count, 0,           343
TOPDOWN_FRONTEND_BOUND_total_count, 0,           343

TOPDOWN_BACKEND_BOUND_count, 0,          4746
TOPDOWN_BACKEND_BOUND_total_count, 0,          4746

TOPDOWN_BAD_SPEC_BOUND_count, 0,           147
TOPDOWN_BAD_SPEC_BOUND_total_count, 0,           147

TOPDOWN_RETIRING_BOUND_count, 0,          4764
TOPDOWN_RETIRING_BOUND_total_count, 0,          4764

TOPDOWN_FETCH_LATENCY_BOUND_count, 0,           106
TOPDOWN_FETCH_LATENCY_BOUND_total_count, 0,           106

TOPDOWN_FETCH_BANDWIDTH_BOUND_count, 0,           237
TOPDOWN_FETCH_BANDWIDTH_BOUND_total_count, 0,           237

TOPDOWN_MEM_BOUND_count, 0,          4736
TOPDOWN_MEM_BOUND_total_count, 0,          4736

TOPDOWN_CORE_BOUND_count, 0,            10
TOPDOWN_CORE_BOUND_total_count, 0,            10

TOPDOWN_BR_RECOVER_AT_EXEC_BOUND_count, 0,             5
TOPDOWN_BR_RECOVER_AT_EXEC_BOUND_total_count, 0,             5

TOPDOWN_MACHINE_CLEARS_BOUND_count, 0,           142
TOPDOWN_MACHINE_CLEARS_BOUND_total_count, 0,           142

H2P_SEEN_MAIN_count, 0,             0
H2P_SEEN_MAIN_total_count, 0,             0



